comment number,random index,month,year,topic,contribution,irrelevance,,
4166,92934537,8,1,0,0.54326797,gigantic pod,,
11313,25529709,2,2,0,0.32649407,,,
142334,49083342,9,4,0,0.34085488,,,
172815,75299458,12,4,0,0.3414313,,,
325351,10638340,10,5,0,0.34152198,,,
332008,20827776,11,5,0,0.3342461,,,
362990,24837201,12,5,0,0.6718716,,,
704933,86947967,7,7,0,0.39435184,,,
722901,72499018,8,7,0,0.3340667,,,
774866,41585342,11,7,0,0.39204448,,,
852837,82506262,2,8,0,0.32479274,,,
1081226,54235076,12,8,0,0.45293713,,,
1095325,34871201,1,9,0,0.34494525,,,
1260171,84215770,7,9,0,0.33032796,,,
1368936,97152917,11,9,0,0.3373146,,,
1404023,22295291,12,9,0,0.35195518,,,
1667194,21860855,8,10,0,0.3571827,,,
1776705,68628584,12,10,0,0.3265028,,,
1796555,57393533,1,11,0,0.3736142,,,
1888833,78062265,3,11,0,0.33077824,,,
2085425,38917240,8,11,0,0.33256915,,,
2142512,79272093,9,11,0,0.42355558,,,
2156497,56303290,9,11,0,0.32622215,,,
2225384,55557472,11,11,0,0.32473066,,,
2313213,82450471,12,11,0,0.39680406,,,
3204,62040412,7,1,1,0.21051992,,,
3966,37496889,8,1,1,0.1879406,,,
4739,59024258,9,1,1,0.35741416,opposition’s pot,,
27573,75542979,10,2,1,0.19336918,,,
69585,27204237,10,3,1,0.17192256,,,
111997,80254348,5,4,1,0.16802843,,,
214932,44266696,3,5,1,0.19774148,,,
237286,41138856,5,5,1,0.17311083,,,
514785,90059797,9,6,1,0.20510481,,,
648232,44882842,4,7,1,0.18015608,,,
648769,28634402,4,7,1,0.20797361,,,
674628,81500134,5,7,1,0.30184072,,,
676264,52426679,5,7,1,0.16773447,,,
694143,64984100,6,7,1,0.1676226,,,
712609,78661249,7,7,1,0.16823778,,,
905906,66542636,5,8,1,0.17996109,,,
931201,92550340,6,8,1,0.17359465,,,
1058786,50721137,11,8,1,0.20951276,,,
1063676,87376538,11,8,1,0.20395666,,,
1152977,75098110,3,9,1,0.16715641,,,
1175712,35078506,4,9,1,0.24043009,,,
1272928,42483888,8,9,1,0.2581264,,,
1855641,59640039,2,11,1,0.16846074,,,
2036740,44782621,6,11,1,0.21171723,,,
2078599,24550284,7,11,1,0.1708775,,,
16196,40901139,4,2,2,0.45911124,,,
39806,47644405,3,3,2,0.46919993,,,
92385,88630967,2,4,2,0.52342564,,,
158621,80149761,10,4,2,0.45412797,,,
158756,23425279,10,4,2,0.45401186,,,
165124,75261052,11,4,2,0.4505199,,,
206760,75843695,2,5,2,0.4743431,,,
206761,60379594,2,5,2,0.512375,,,
321183,59053699,10,5,2,0.4569536,,,
393651,43611454,2,6,2,0.4283685,,,
474442,94605452,7,6,2,0.47898892,,,
595850,49881254,1,7,2,0.4276064,,,
698011,76022050,7,7,2,0.48706636,,,
802012,92687968,12,7,2,0.44981372,,,
802993,63886620,12,7,2,0.46252665,,,
945396,62499202,7,8,2,0.4315221,,,
1222712,76071843,6,9,2,0.44497263,,,
1303328,59355901,9,9,2,0.4389835,,,
1385577,10803894,11,9,2,0.43044,,,
1496298,95700562,3,10,2,0.43845505,,,
1603715,58891985,6,10,2,0.43718943,,,
1735497,25736101,11,10,2,0.46292442,,,
1922953,64303265,4,11,2,0.4669913,,,
1966626,46931346,5,11,2,0.5183715,,,
2134600,40642586,9,11,2,0.4394424,,,
6785,94137549,12,1,3,0.50788134,,,
96475,62550132,3,4,3,0.4798408,,,
155226,42219017,10,4,3,0.45564702,,,
172548,77179630,12,4,3,0.51136035,,,
172550,67227504,12,4,3,0.5725911,,,
212434,23115619,3,5,3,0.4576191,,,
257919,34935781,6,5,3,0.46592537,,,
275345,25852927,7,5,3,0.49794534,,,
309253,27749320,9,5,3,0.528077,,,
350083,16798413,11,5,3,0.46080878,,,
441671,57829732,5,6,3,0.44953686,,,
475292,33078452,7,6,3,0.45628193,,,
505346,61980381,9,6,3,0.46687916,,,
538610,73737121,11,6,3,0.47050446,,,
738947,94191362,9,7,3,0.5031624,,,
858014,77615332,3,8,3,0.49027002,,,
1466351,51427699,2,10,3,0.45322713,,,
1535025,43423998,4,10,3,0.5332078,,,
1548318,26419648,4,10,3,0.51119137,,,
1608435,21417765,6,10,3,0.5221772,,,
1631691,38435431,7,10,3,0.47570693,,,
2100837,57749924,8,11,3,0.5603555,,,
2172900,29362325,10,11,3,0.4672242,,,
2178006,54775597,10,11,3,0.47196773,,,
2277184,71430458,12,11,3,0.47054365,,,
1751,36660011,4,1,4,0.20539185,,,
1890,54527856,4,1,4,0.18890522,,,
5621,32462276,10,1,4,0.18945496,,,
112864,45809045,5,4,4,0.17751542,,,
117423,30650057,6,4,4,0.19146118,,,
256665,97117576,6,5,4,0.16560973,,,
267409,15175970,7,5,4,0.2513657,,,
379378,95728937,1,6,4,0.22841424,,,
532601,39206771,10,6,4,0.175236,,,
705931,12082651,7,7,4,0.17018285,,,
729001,56940051,8,7,4,0.21288387,,,
737689,17890751,9,7,4,0.19779477,,,
809379,36702663,12,7,4,0.19505823,,,
943342,30206381,6,8,4,0.17493339,,,
1549869,52594201,4,10,4,0.21566398,,,
1669604,78949853,8,10,4,0.1775774,,,
1799014,28309891,1,11,4,0.17013596,,,
1887723,51132600,3,11,4,0.18574439,,,
1945136,50780062,4,11,4,0.19168647,,,
1945139,61153975,4,11,4,0.17633949,,,
1945140,69376459,4,11,4,0.1764834,,,
1945144,67708552,4,11,4,0.17633766,,,
1945147,97151922,4,11,4,0.16674887,,,
2178310,69149811,10,11,4,0.16602768,,,
2317800,15872877,12,11,4,0.19238286,,,
564,56164863,2,1,5,0.5193825,,,
1857,17901682,4,1,5,0.5629389,,,
2209,93466271,5,1,5,0.5528746,,,
24933,83681234,9,2,5,0.51962405,,,
49625,92500591,6,3,5,0.6323193,,,
87104,52312692,1,4,5,0.5313768,,,
96682,77918857,3,4,5,0.52979803,,,
191923,67190919,1,5,5,0.51714903,,,
207382,62412591,3,5,5,0.5241662,,,
218988,36430282,4,5,5,0.5136241,,,
684394,82339254,6,7,5,0.52039105,,,
736625,82413338,9,7,5,0.56206477,,,
947967,85126729,7,8,5,0.5537147,,,
987059,14979226,8,8,5,0.54130405,,,
1015271,25231335,9,8,5,0.5315109,,,
1312093,72176408,9,9,5,0.53326374,,,
1620998,58142393,7,10,5,0.52530825,,,
1640403,29515509,7,10,5,0.61855316,,,
1698223,14052734,9,10,5,0.5565111,,,
1700921,27633023,9,10,5,0.5440653,,,
1778602,36650379,12,10,5,0.5573137,,,
1786554,87258316,12,10,5,0.53376037,,,
1941507,30234010,4,11,5,0.55013865,,,
2194162,89895893,10,11,5,0.5843112,,,
2286516,41048444,12,11,5,0.6019925,,,
109968,62683974,5,4,6,0.5440888,,,
113017,95507594,5,4,6,0.5892977,,,
119959,38504053,6,4,6,0.54463524,,,
136082,50782261,8,4,6,0.5732433,,,
197740,57434953,2,5,6,0.65844864,,,
231293,47967934,4,5,6,0.6139918,,,
255888,96058874,6,5,6,0.5556121,,,
279458,48242650,7,5,6,0.5433529,,,
426007,57417256,4,6,6,0.55137265,,,
543314,34216501,11,6,6,0.5373027,,,
615646,99553868,2,7,6,0.5543354,,,
647575,26841557,4,7,6,0.55947125,,,
948945,74951331,7,8,6,0.5453981,,,
1003516,51998251,9,8,6,0.5477008,,,
1099990,42165892,1,9,6,0.53857064,,,
1125980,18909970,2,9,6,0.5455554,,,
1312455,73184852,9,9,6,0.55509895,,,
1408058,33001594,12,9,6,0.54605126,,,
1485308,31173034,2,10,6,0.6325219,,,
1641028,72290604,7,10,6,0.5534646,,,
1666354,28513778,8,10,6,0.5453418,,,
1679893,49417659,9,10,6,0.54683405,,,
1748483,26303121,11,10,6,0.579086,,,
2159209,17871477,9,11,6,0.54551816,,,
2248671,62139369,11,11,6,0.58487344,,,
2306,95704478,5,1,7,0.497966,,,
54763,39847746,7,3,7,0.6293662,,,
162938,41050201,11,4,7,0.6094045,,,
164423,41588414,11,4,7,0.49857515,,,
168201,63221143,11,4,7,0.5959801,,,
259380,21931192,6,5,7,0.5052306,,,
399295,27253411,2,6,7,0.5649447,,,
459140,53612872,6,6,7,0.557267,,,
465439,29942811,6,6,7,0.5298595,,,
580467,64187700,1,7,7,0.593976,,,
688725,34895128,6,7,7,0.5208365,,,
915787,20897099,5,8,7,0.51195604,,,
992848,53678380,9,8,7,0.639838,,,
1053793,44575660,11,8,7,0.58237404,,,
1177099,50735987,4,9,7,0.4941785,,,
1269018,50196370,8,9,7,0.52418756,,,
1274615,26161200,8,9,7,0.5701858,,,
1428257,32607201,1,10,7,0.51431996,,,
1467050,39620674,2,10,7,0.5273969,,,
1669571,21414593,8,10,7,0.6012472,,,
1801531,28776610,1,11,7,0.55364317,,,
1931825,77489486,4,11,7,0.5473374,,,
1937240,49563030,4,11,7,0.53977245,,,
1979067,26646838,5,11,7,0.49568823,,,
2117650,55448683,8,11,7,0.5182184,,,
32838,55265312,1,3,8,0.5559886,,,
65734,43447955,10,3,8,0.58726525,,,
81198,48639597,12,3,8,0.53132856,,,
94182,40384733,3,4,8,0.5499569,,,
397115,62954173,2,6,8,0.5150143,,,
443125,23630644,5,6,8,0.53346753,,,
459040,33483255,6,6,8,0.51689,,,
550418,23499119,11,6,8,0.5232452,,,
590340,31286259,1,7,8,0.5449946,,,
733583,61865545,8,7,8,0.5168475,,,
848812,71991205,2,8,8,0.5206196,,,
852160,92387569,2,8,8,0.5266458,,,
900804,93738510,4,8,8,0.5197632,,,
913431,69003760,5,8,8,0.73030126,,,
1064073,85551610,11,8,8,0.5471615,,,
1108214,92855483,1,9,8,0.6541372,,,
1129049,72273950,2,9,8,0.529165,,,
1163664,62823614,3,9,8,0.5208249,,,
1247308,18741388,7,9,8,0.57056326,,,
1447200,45126662,1,10,8,0.5406272,,,
1730815,17449453,10,10,8,0.5168248,,,
1794319,19450850,12,10,8,0.58665884,,,
1982725,69057165,5,11,8,0.52417547,,,
1983318,16406211,5,11,8,0.51727235,,,
2059403,63381860,7,11,8,0.5407892,,,
46604,62897891,5,3,9,0.8653436,,,
69045,47526543,10,3,9,0.8402482,,,
95477,17418953,3,4,9,0.81370836,,,
137092,47391636,8,4,9,0.81716365,,,
256953,16988578,6,5,9,0.9113303,,,
318035,49723875,10,5,9,0.83956414,,,
340592,32691103,11,5,9,0.80979127,,,
341874,34719944,11,5,9,0.8138464,,,
439249,21307454,5,6,9,0.86327636,,,
441113,90847615,5,6,9,0.87306327,,,
579391,72501917,1,7,9,0.8342393,,,
814543,97858584,1,8,9,0.8235231,,,
893334,51644958,4,8,9,0.8268781,,,
940364,80693877,6,8,9,0.8125664,,,
970743,96796184,8,8,9,0.8666531,,,
1114885,67670823,2,9,9,0.85253257,,,
1295965,97858088,9,9,9,0.82021856,,,
1295992,76716472,9,9,9,0.8336639,,,
1870026,90925987,2,11,9,0.85796016,,,
1896803,92664621,3,11,9,0.8332044,,,
1943911,15383504,4,11,9,0.84986496,,,
1974912,21387071,5,11,9,0.8178151,,,
2086210,75487617,8,11,9,0.8147815,,,
2132681,12871293,9,11,9,0.86612815,,,
2174091,85218977,10,11,9,0.83665633,,,
1532556,58679025,4,10,10,0.56598085,KikGroups ban,,
1533049,63765355,4,10,10,0.5659814,63765355,,
1535012,84905369,4,10,10,0.56598026,63765355,,
1540638,38890019,4,10,10,0.56598043,63765355,,
1540996,24152686,4,10,10,0.56598806,63765355,,
1542473,69270527,4,10,10,0.5659827,63765355,,
1543773,45396266,4,10,10,0.5659845,63765355,,
1550410,62177608,4,10,10,0.56598026,63765355,,
1550676,55107461,4,10,10,0.5659885,63765355,,
1553173,25660498,4,10,10,0.5659843,63765355,,
1553719,79299439,4,10,10,0.56598264,63765355,,
1559504,97542503,5,10,10,0.5659811,63765355,,
1560994,62084181,5,10,10,0.56598014,63765355,,
1561341,95279399,5,10,10,0.56598216,63765355,,
1562515,77035920,5,10,10,0.56598425,63765355,,
1562953,53535523,5,10,10,0.565986,63765355,,
1566320,70090876,5,10,10,0.5659814,63765355,,
1570208,11214851,5,10,10,0.56598246,63765355,,
1572006,80842628,5,10,10,0.5659847,63765355,,
1572995,10332232,5,10,10,0.56598836,63765355,,
1578091,51769190,5,10,10,0.5659827,63765355,,
1580096,52558032,5,10,10,0.5659962,63765355,,
1580288,23711796,5,10,10,0.56598353,63765355,,
1586092,85488808,5,10,10,0.565983,63765355,,
1742463,76113102,11,10,10,0.630627,,,
750891,62870446,9,7,11,0.33563134,tagalog,,
750897,22614936,9,7,11,0.3424732,0,,
1135878,90389246,2,9,11,0.3337715,0,,
1187502,50361237,4,9,11,0.4247723,0,,
1200413,31558977,5,9,11,0.34944296,0,,
1252169,28525558,7,9,11,0.3470334,0,,
1265233,24312233,8,9,11,0.34413886,0,,
1398457,81338765,12,9,11,0.3731742,0,,
1406832,49145957,12,9,11,0.34563467,0,,
1492648,40812746,3,10,11,0.33266464,0,,
1540320,62958023,4,10,11,0.38700932,0,,
1559412,90710546,4,10,11,0.35822254,0,,
1573699,73323279,5,10,11,0.3378511,0,,
1814622,25708999,1,11,11,0.3385578,0,,
1840890,77321616,1,11,11,0.3363586,0,,
1870257,79778531,2,11,11,0.3287688,0,,
1969852,99723059,5,11,11,0.3483701,0,,
1985842,72088417,5,11,11,0.36816472,0,,
2059847,82884454,7,11,11,0.32539454,0,,
2084509,39779322,8,11,11,0.3699664,0,,
2097331,23360753,8,11,11,0.34503624,0,,
2099892,40588249,8,11,11,0.3221311,0,,
2106890,22833465,8,11,11,0.3485574,0,,
2196324,61536871,10,11,11,0.36458334,0,,
2288323,29059663,12,11,11,0.35138366,0,,
79776,24464192,12,3,12,0.65682214,,,
133183,26516452,8,4,12,0.6660101,,,
281410,27030205,7,5,12,0.6559203,,,
422513,50204136,4,6,12,0.6943281,,,
562333,77733896,12,6,12,0.6578313,,,
597286,94472801,1,7,12,0.6687337,,,
631678,55758377,3,7,12,0.66667783,,,
660078,67116317,4,7,12,0.6962336,,,
719486,94744333,8,7,12,0.66751945,,,
741994,85024158,9,7,12,0.7089696,,,
770066,63576305,10,7,12,0.69104546,,,
875428,62915293,3,8,12,0.65566224,,,
928663,21862686,6,8,12,0.70803344,,,
1138491,35549300,2,9,12,0.6718377,,,
1173909,43045930,4,9,12,0.6689027,,,
1223146,86150874,6,9,12,0.6675288,,,
1277334,44187962,8,9,12,0.68562907,,,
1314652,94855181,9,9,12,0.69751,,,
1423278,88655833,12,9,12,0.6643824,,,
1506901,15287922,3,10,12,0.65929246,,,
1694022,40677517,9,10,12,0.692813,,,
1748815,54444146,11,10,12,0.6871031,,,
1937045,44392792,4,11,12,0.66754377,,,
1937562,29152382,4,11,12,0.66899616,,,
2164182,51401248,10,11,12,0.6754557,,,
312872,11383554,10,5,13,0.74173504,gungame,,
417940,41793860,4,6,13,0.7066398,fort pot,,
430934,59848757,4,6,13,0.7367816,0,,
492571,62586888,8,6,13,0.7346972,0,,
509481,95061230,9,6,13,0.6997671,0,,
510895,77706904,9,6,13,0.70988464,0,,
536361,63730664,11,6,13,0.73908854,0,,
568754,21022902,1,7,13,0.71496266,0,,
664747,61692197,5,7,13,0.70122886,0,,
672309,73004089,5,7,13,0.7314998,0,,
698593,86984786,7,7,13,0.71826226,0,,
741774,66644599,9,7,13,0.7177132,0,,
773510,65704967,11,7,13,0.7465544,0,,
814175,78476409,1,8,13,0.7020236,0,,
936808,86798288,6,8,13,0.71124065,0,,
1072374,40064035,12,8,13,0.7282595,0,,
1257766,72481717,7,9,13,0.7221655,0,,
1288166,26462959,8,9,13,0.72728676,0,,
1296593,21549151,9,9,13,0.72550726,0,,
1518903,54272901,3,10,13,0.70744234,0,,
1591042,18193085,6,10,13,0.750045,0,,
1699347,90663667,9,10,13,0.7071371,0,,
1733004,58671859,10,10,13,0.70584214,0,,
1944893,72420593,4,11,13,0.75525093,0,,
2056837,20324090,7,11,13,0.70905936,0,,
52259,52656098,7,3,14,0.40793958,,,
60047,77640182,9,3,14,0.43038487,,,
61720,64167280,9,3,14,0.41982877,,,
71536,59682397,10,3,14,0.5206931,,,
72487,11377301,11,3,14,0.38286293,,,
134065,15310043,8,4,14,0.42624146,,,
201399,72095828,2,5,14,0.3850437,,,
274081,31502323,7,5,14,0.38907376,,,
274903,32548938,7,5,14,0.5164424,,,
286390,59153877,8,5,14,0.4074488,,,
426737,88546795,4,6,14,0.5516042,,,
426738,49614017,4,6,14,0.55045235,,,
507808,20608477,9,6,14,0.42350355,,,
619047,75650183,2,7,14,0.39470991,,,
641861,69023037,3,7,14,0.38958687,,,
673976,56153665,5,7,14,0.44727594,,,
941669,89294743,6,8,14,0.4545824,,,
941963,79880819,6,8,14,0.3961414,,,
1181949,96296139,4,9,14,0.5332897,,,
1423452,59474940,12,9,14,0.45964646,,,
1510581,36429384,3,10,14,0.42382464,,,
1581855,66149093,5,10,14,0.4155274,,,
1742515,97846579,11,10,14,0.3886148,,,
1762783,32785841,11,10,14,0.40919003,,,
2008854,77319937,6,11,14,0.41503233,,,
57942,86435270,8,3,15,0.35610873,,,
60971,23617084,9,3,15,0.35734662,,,
67823,20462005,10,3,15,0.38530734,,,
71480,48997397,10,3,15,0.35214797,,,
279231,82472300,7,5,15,0.35753104,,,
504767,33576826,9,6,15,0.3694261,,,
607186,51921727,2,7,15,0.34687284,,,
770122,92732043,10,7,15,0.3508836,,,
795665,70249256,12,7,15,0.4204267,,,
994822,34433835,9,8,15,0.40257126,,,
1034351,47701832,10,8,15,0.40935224,,,
1047038,70373064,11,8,15,0.35665685,,,
1058747,15528742,11,8,15,0.36074015,,,
1230548,48925447,6,9,15,0.4430444,,,
1363326,96852627,11,9,15,0.38865882,,,
1444520,93019569,1,10,15,0.37723097,,,
1480248,47515214,2,10,15,0.38190365,,,
1480606,67244546,2,10,15,0.35272482,,,
1490212,25082196,2,10,15,0.3662589,,,
1543980,49144553,4,10,15,0.42314044,,,
1602754,98923385,6,10,15,0.40471542,,,
1612205,76184476,6,10,15,0.39569736,,,
1757545,93984263,11,10,15,0.35557407,,,
2117560,76241531,8,11,15,0.34571785,,,
2242338,47335908,11,11,15,0.3790959,,,
104888,34278884,4,4,16,0.5747714,,,
113697,80665095,5,4,16,0.56548196,,,
153659,53197723,10,4,16,0.66431063,,,
302843,64485857,9,5,16,0.5763507,,,
324859,11347314,10,5,16,0.584573,,,
339340,61048857,11,5,16,0.58170915,,,
350782,89606746,12,5,16,0.6098744,,,
357209,76953722,12,5,16,0.58521104,,,
504593,25625227,8,6,16,0.57021683,,,
524886,29756253,10,6,16,0.6188071,,,
563125,73362359,12,6,16,0.5788951,,,
660531,52749263,4,7,16,0.5835925,,,
792288,63030357,11,7,16,0.5777281,,,
894789,61552579,4,8,16,0.6776621,,,
898764,85097071,4,8,16,0.5750128,,,
955141,75367512,7,8,16,0.5942725,,,
1097886,22912964,1,9,16,0.5814585,,,
1127752,69314451,2,9,16,0.61041766,,,
1271452,61839705,8,9,16,0.5809764,,,
1655488,99949355,8,10,16,0.5902492,,,
1983589,87409238,5,11,16,0.5882039,,,
2069473,15866145,7,11,16,0.57704216,,,
2135039,43777630,9,11,16,0.5656654,,,
2258924,40322449,11,11,16,0.6037069,,,
2293007,68763632,12,11,16,0.5648832,,,
4397,75074781,9,1,17,0.52845794,,,
47315,42270596,5,3,17,0.5189415,,,
232995,66976089,4,5,17,0.54268634,,,
373182,81344643,1,6,17,0.57225156,,,
548124,27425564,11,6,17,0.4858734,,,
741468,65993578,9,7,17,0.5103085,,,
990252,44878835,8,8,17,0.50382394,,,
1002407,71985494,9,8,17,0.5172445,,,
1096745,45332144,1,9,17,0.54077643,,,
1147150,94273277,3,9,17,0.5228357,,,
1220559,52555733,6,9,17,0.5375082,,,
1364432,77164035,11,9,17,0.547032,,,
1441296,42876685,1,10,17,0.5512813,,,
1475954,74610403,2,10,17,0.50235796,,,
1675488,91659849,8,10,17,0.49967632,,,
1881579,68117542,2,11,17,0.5040261,,,
1916027,84382993,3,11,17,0.51215947,,,
2010874,34280074,6,11,17,0.48550695,,,
2044319,21106645,7,11,17,0.48756036,,,
2124712,43940266,9,11,17,0.5380967,,,
2124716,74197174,9,11,17,0.538087,,,
2124740,47429757,9,11,17,0.53808635,,,
2126424,51089815,9,11,17,0.49107027,,,
2145500,60803838,9,11,17,0.51092553,,,
2279356,33917700,12,11,17,0.52344066,,,
52567,54643097,7,3,18,0.64616627,,,
376401,42306986,1,6,18,0.61190444,,,
423211,21937283,4,6,18,0.67875546,,,
495787,25329148,8,6,18,0.6124681,,,
499726,90097605,8,6,18,0.6166269,,,
634772,87898602,3,7,18,0.6166829,,,
698136,66004033,7,7,18,0.6687624,,,
731755,84967339,8,7,18,0.61520547,,,
751462,75335641,9,7,18,0.6140086,,,
969922,69855237,8,8,18,0.6171739,,,
1016783,97314207,10,8,18,0.61236566,,,
1155392,59218241,3,9,18,0.62300277,,,
1279856,87346836,8,9,18,0.6329884,,,
1305613,62239218,9,9,18,0.62869465,,,
1446480,97631553,1,10,18,0.6204826,,,
1473750,56249464,2,10,18,0.63869196,,,
1495383,95375986,3,10,18,0.63154155,,,
1543774,63919475,4,10,18,0.68737906,,,
1705107,62438105,9,10,18,0.7402233,,,
1712700,39270629,10,10,18,0.74489117,,,
1722243,12049762,10,10,18,0.7449042,,,
1977393,47275607,5,11,18,0.7365166,,,
2073707,26774421,7,11,18,0.6134512,,,
2130689,88128758,9,11,18,0.63450307,,,
2304150,19932585,12,11,18,0.65532404,,,
70576,15359897,10,3,19,0.6492247,,,
331339,57851637,11,5,19,0.7564915,,,
585043,46812830,1,7,19,0.641824,,,
593484,16312333,1,7,19,0.63803256,,,
650903,53442463,4,7,19,0.6462762,,,
779521,84818964,11,7,19,0.65080786,,,
797434,71898915,12,7,19,0.6908726,,,
837406,94200480,2,8,19,0.6416927,,,
842844,33728108,2,8,19,0.6324687,,,
848541,96301097,2,8,19,0.6504157,,,
950452,73046798,7,8,19,0.7067772,,,
1115104,34323762,2,9,19,0.6988276,,,
1159539,28749461,3,9,19,0.656483,,,
1183752,27248574,4,9,19,0.7378033,,,
1207158,72763026,5,9,19,0.6511761,,,
1225861,93619117,6,9,19,0.64495116,,,
1312274,43842009,9,9,19,0.62945056,,,
1399744,53598985,12,9,19,0.6295934,,,
1408408,28920823,12,9,19,0.6552171,,,
1411275,23971429,12,9,19,0.6632237,,,
1619203,92124048,7,10,19,0.659074,,,
1930816,17030074,4,11,19,0.6618546,,,
2070675,22198859,7,11,19,0.6631663,,,
2104018,91660199,8,11,19,0.6620882,,,
2280242,40585004,12,11,19,0.64462215,,,
366739,84674949,1,6,20,0.70045227,,,
445185,91257760,5,6,20,0.74894476,,,
464014,90638889,6,6,20,0.680405,,,
509808,43538104,9,6,20,0.67408484,,,
529423,17527663,10,6,20,0.72003,,,
548182,43454788,11,6,20,0.6831002,,,
734002,14231374,8,7,20,0.67843246,,,
763790,44758703,10,7,20,0.7026176,,,
823304,61534584,1,8,20,0.750779,,,
863803,62529910,3,8,20,0.6755347,,,
900747,42862382,4,8,20,0.6728483,,,
1027566,13657655,10,8,20,0.6808282,,,
1120943,34880296,2,9,20,0.79684347,,,
1317975,33548775,9,9,20,0.66977704,,,
1367646,75584729,11,9,20,0.6757921,,,
1484077,72372175,2,10,20,0.7195983,,,
1578257,90543451,5,10,20,0.6879568,,,
1795474,17625727,1,11,20,0.7141052,,,
2040937,50370492,6,11,20,0.7012622,,,
2094385,14208244,8,11,20,0.69691086,,,
2133235,79243524,9,11,20,0.7790286,,,
2159730,96642516,9,11,20,0.69818556,,,
2232138,28157468,11,11,20,0.6775819,,,
2257127,73294639,11,11,20,0.69129616,,,
2260140,85512594,11,11,20,0.6710185,,,
1024,22467781,3,1,21,0.16294244,,,
1533,83362507,4,1,21,0.1610649,$400 from the pot,,
2404,86271461,5,1,21,0.23672505,0,,
106215,78657528,5,4,21,0.16000125,"a rapper’s lyrics. Contains legal and marijuana, but separately",,
323477,73558918,10,5,21,0.17129396,78657528,,
365727,74975366,12,5,21,0.1897608,78657528,,
680413,23452937,6,7,21,0.1551051,,,
711419,89901782,7,7,21,0.19327882,,,
855279,93569062,2,8,21,0.1528587,,,
891385,28397281,4,8,21,0.1975959,78657528,,
930490,91086857,6,8,21,0.20283921,78657528,,
962902,42448960,7,8,21,0.17497283,,,
983463,79891762,8,8,21,0.15170166,,,
995733,28448827,9,8,21,0.171619,"list of people, one is a relevant activist",,
1012037,45396903,9,8,21,0.15979294,,,
1242066,71737163,7,9,21,0.15218778,78657528,,
1349486,29990212,10,9,21,0.17716058,sharing links,,
1464086,51003176,2,10,21,0.16143247,lots of links,,
1542535,16753396,4,10,21,0.15609057,51003176,,
1704309,91670073,9,10,21,0.16483209,,,
1713319,82021319,10,10,21,0.17286749,run on sentence,,
1849574,75174024,2,11,21,0.16155957,lots of links,,
1939348,20071265,4,11,21,0.20234941,,,
1939705,63173562,4,11,21,0.16623521,lots of links,,
2158289,88332377,9,11,21,0.16469017,lots of links,,
990805,48315776,8,8,22,0.33270586,,,
997778,73608698,9,8,22,0.3323448,,,
1033073,89406008,10,8,22,0.3327296,,,
1052843,21260543,11,8,22,0.33255985,,,
1056921,73168424,11,8,22,0.3323398,,,
1059296,57160104,11,8,22,0.33247933,,,
1066819,89021197,11,8,22,0.33258906,,,
1072386,31208800,12,8,22,0.3323704,,,
1109804,65331690,1,9,22,0.33250195,,,
1114254,48199341,1,9,22,0.3325127,,,
1118129,10707409,2,9,22,0.33244202,,,
1132859,32302691,2,9,22,0.33284512,,,
1133894,57168196,2,9,22,0.3324443,,,
1171808,73427968,4,9,22,0.33319512,,,
1185698,93244091,4,9,22,0.3329091,,,
1189979,34521122,4,9,22,0.33233422,,,
1231805,57534919,6,9,22,0.33255377,,,
1236056,65206958,6,9,22,0.33246177,,,
1238214,14284183,6,9,22,0.33236906,,,
1240057,79543929,7,9,22,0.3330378,,,
1241086,13950279,7,9,22,0.3325973,,,
1241866,82803401,7,9,22,0.3323767,,,
1258357,25782675,7,9,22,0.33264416,,,
1271001,52662965,8,9,22,0.33300883,,,
1286848,14663846,8,9,22,0.34011388,,,
6123,83701585,11,1,23,0.22608031,,,
391843,26335347,2,6,23,0.2147389,,,
430152,80732615,4,6,23,0.20061362,,,
623491,75576952,3,7,23,0.21804532,,,
704244,24898647,7,7,23,0.20219366,,,
730636,25365449,8,7,23,0.24710724,,,
775602,44957010,11,7,23,0.23896733,,,
802168,80337989,12,7,23,0.21704702,,,
879823,68088934,4,8,23,0.21176316,,,
1037705,58148243,10,8,23,0.22461815,,,
1256212,92611276,7,9,23,0.21457195,,,
1632187,12538737,7,10,23,0.20499603,,,
1633166,19577292,7,10,23,0.23608877,,,
1792326,44949253,12,10,23,0.2138389,,,
1818357,43679052,1,11,23,0.20715201,,,
1912651,44637268,3,11,23,0.22229423,,,
1923957,36753132,4,11,23,0.22791213,,,
1995343,67058233,5,11,23,0.2511769,,,
2059108,17564815,7,11,23,0.2387888,,,
2077319,54228920,7,11,23,0.19990721,,,
2077790,12822893,7,11,23,0.23354344,,,
2114456,34736164,8,11,23,0.24429797,,,
2228696,37521781,11,11,23,0.23373081,,,
2238420,47600287,11,11,23,0.24599907,,,
2276096,16674677,12,11,23,0.2617463,,,
4452,60577068,9,1,24,0.4805556,,,
11920,72007710,2,2,24,0.50166965,,,
31716,60876516,12,2,24,0.53081673,,,
60875,86822253,9,3,24,0.5458197,,,
115669,43904017,6,4,24,0.48214245,,,
208004,20800098,3,5,24,0.47818843,,,
251812,64783083,6,5,24,0.6121734,,,
357482,79736796,12,5,24,0.55525273,,,
367558,23413795,1,6,24,0.5141107,,,
388468,42461308,2,6,24,0.46966755,,,
388518,89944121,2,6,24,0.50271946,,,
398105,28513316,2,6,24,0.62861484,,,
427331,90603903,4,6,24,0.48459697,,,
575632,12405052,1,7,24,0.5563077,,,
649940,29417650,4,7,24,0.4979077,,,
740488,58808816,9,7,24,0.4742377,,,
993069,39080356,9,8,24,0.4662792,,,
1075815,82792652,12,8,24,0.48103908,,,
1187729,47804371,4,9,24,0.51949114,,,
1442317,83667599,1,10,24,0.5761391,,,
1448454,25271573,1,10,24,0.47344387,,,
2065353,17402142,7,11,24,0.5267998,,,
2171908,62039999,10,11,24,0.5101659,,,
2180395,18423844,10,11,24,0.5480879,,,
2263733,65283874,11,11,24,0.5288529,,,
279,88609975,1,1,25,0.15769315,,,
4642,52626936,9,1,25,0.13429701,,,
5352,64304888,10,1,25,0.13642977,,,
7585,12865732,12,1,25,0.1960842,,,
26504,68495782,10,2,25,0.15066405,,,
171268,73831747,12,4,25,0.15145305,,,
245891,21705285,5,5,25,0.13714007,,,
249399,44874353,5,5,25,0.21345332,,,
288514,22780650,8,5,25,0.14663525,,,
392989,71627210,2,6,25,0.30518296,,,
559746,62485916,12,6,25,0.13573541,,,
624722,67775081,3,7,25,0.16355494,,,
905280,52065787,5,8,25,0.17672874,,,
996850,10396664,9,8,25,0.14430787,get off the pot,,
1038286,38625534,10,8,25,0.13797429,,,
1057796,82477970,11,8,25,0.14763477,,,
1071690,50197889,12,8,25,0.14586574,,,
1130276,39059663,2,9,25,0.16684696,,,
1256069,22118781,7,9,25,0.13452767,,,
1280946,19149037,8,9,25,0.14359084,,,
1283948,17971724,8,9,25,0.16223109,,,
1309890,37224365,9,9,25,0.20952184,,,
1541227,58728377,4,10,25,0.13974278,,,
1755129,59398560,11,10,25,0.13829656,,,
2291199,10150121,12,11,25,0.16331762,,,
2106,48055384,5,1,26,0.24334663,,,
2569,87854393,6,1,26,0.21472336,,,
3347,70101822,7,1,26,0.2126093,,,
322538,54183559,10,5,26,0.22969247,,,
398643,47599925,2,6,26,0.19342424,,,
423166,38143149,4,6,26,0.20223261,,,
599997,31478726,1,7,26,0.22202808,,,
648020,83505793,4,7,26,0.1813179,,,
656189,85239999,4,7,26,0.18673548,,,
713806,55975275,7,7,26,0.2597778,,,
856468,61674358,3,8,26,0.19712983,,,
1078374,97496965,12,8,26,0.1868167,,,
1081381,84274399,12,8,26,0.18684995,,,
1253907,40769662,7,9,26,0.19874266,,,
1276365,85268902,8,9,26,0.21614394,,,
1497235,71247122,3,10,26,0.18384965,,,
1517460,87654389,3,10,26,0.27034006,,,
1613825,11936028,6,10,26,0.19559607,,,
1848220,50935220,2,11,26,0.18326677,,,
1900287,95789897,3,11,26,0.1973787,,,
1961424,97618017,5,11,26,0.22590508,,,
2101691,34898024,8,11,26,0.18510816,,,
2143605,39142219,9,11,26,0.18205601,,,
2243444,30305036,11,11,26,0.17874134,,,
2302800,62584316,12,11,26,0.17784587,,,
59106,34744201,8,3,27,0.52026314,,,
79990,58841151,12,3,27,0.5213332,,,
265522,53136270,6,5,27,0.61991626,,,
351597,54097878,12,5,27,0.5194454,,,
357478,97518813,12,5,27,0.52363396,,,
415796,71705175,3,6,27,0.69370073,,,
418704,44209131,4,6,27,0.543382,,,
459850,62578816,6,6,27,0.53006095,,,
601090,93291458,2,7,27,0.61808544,,,
666331,29672207,5,7,27,0.52558327,,,
723490,52571932,8,7,27,0.5868602,,,
784430,48901642,11,7,27,0.5223075,,,
803669,77914346,12,7,27,0.5484609,,,
888354,37664313,4,8,27,0.51780945,,,
932787,86570675,6,8,27,0.5299343,,,
952673,75764131,7,8,27,0.5205467,,,
966745,46331280,7,8,27,0.52147424,,,
981273,67214473,8,8,27,0.55752903,,,
1450962,44814123,1,10,27,0.5185973,,,
1461818,80853944,2,10,27,0.51803124,,,
1624802,77137584,7,10,27,0.6208557,,,
1751375,70792748,11,10,27,0.5329344,,,
1758851,99495294,11,10,27,0.53946394,,,
2172324,39960394,10,11,27,0.5396543,,,
2295507,68589410,12,11,27,0.5344842,,,
4909,14758014,10,1,28,0.36816543,,,
54995,66120166,7,3,28,0.4445296,,,
138178,98568990,9,4,28,0.3186491,,,
148189,47139260,10,4,28,0.33323005,,,
164329,73782448,11,4,28,0.32467467,,,
210711,90818288,3,5,28,0.32032573,,,
230615,31555765,4,5,28,0.32251292,,,
240431,75649764,5,5,28,0.4026924,,,
303391,91680120,9,5,28,0.34331653,,,
323856,82494754,10,5,28,0.4586153,,,
579224,61919319,1,7,28,0.34830695,,,
618064,17711804,2,7,28,0.3820085,,,
779106,23721547,11,7,28,0.32381266,,,
811690,62541159,12,7,28,0.3295154,,,
815475,72408861,1,8,28,0.36776137,,,
852189,98826329,2,8,28,0.3386122,,,
899152,93892891,4,8,28,0.3729998,,,
1174308,12414080,4,9,28,0.35727352,,,
1265653,99345280,8,9,28,0.3644619,,,
1474643,16851624,2,10,28,0.3868598,,,
1567178,28448169,5,10,28,0.3195431,,,
1931190,47833842,4,11,28,0.34516767,,,
2136279,51746000,9,11,28,0.34635168,,,
2281242,69443188,12,11,28,0.34594896,,,
2306749,62186832,12,11,28,0.3236314,,,
30445,50390299,11,2,29,0.74772334,,,
80771,38982520,12,3,29,0.74589473,,,
127506,61010783,7,4,29,0.7503195,,,
157043,49419037,10,4,29,0.7966372,,,
186870,92471813,1,5,29,0.7632869,,,
283316,46529407,8,5,29,0.7536105,,,
594231,71788971,1,7,29,0.7675073,,,
706984,68070411,7,7,29,0.7744008,,,
791830,13878377,11,7,29,0.8020398,,,
801613,52954483,12,7,29,0.7743152,,,
922896,67237942,5,8,29,0.78066444,,,
923266,91225994,5,8,29,0.78131557,,,
1107913,43495991,1,9,29,0.7939361,,,
1139148,95165771,2,9,29,0.79099154,,,
1188529,50164179,4,9,29,0.76530963,,,
1224233,57042235,6,9,29,0.8318329,,,
1224355,71762187,6,9,29,0.8092393,,,
1343174,52332855,10,9,29,0.75209635,,,
1497307,29492227,3,10,29,0.75092345,,,
1579926,44376828,5,10,29,0.74602705,,,
1813669,24843446,1,11,29,0.7622026,,,
1901522,74861568,3,11,29,0.7581385,,,
1937481,15359401,4,11,29,0.74785084,,,
2283720,72776380,12,11,29,0.7733344,,,
2286397,62243588,12,11,29,0.780373,,,
6427,24777051,11,1,30,0.5151923,,,
7060,73364940,12,1,30,0.5009791,,,
10046,20859778,2,2,30,0.5225037,,,
10047,80323342,2,2,30,0.51351523,,,
10048,76053041,2,2,30,0.5130734,,,
41445,17144399,3,3,30,0.5719804,,,
41462,21658164,3,3,30,0.52570844,,,
177197,72627455,12,4,30,0.50591487,,,
306074,27770337,9,5,30,0.53961986,,,
418309,45814576,4,6,30,0.53550214,,,
629218,11237248,3,7,30,0.5154429,,,
639724,52620055,3,7,30,0.5241888,,,
764580,69972089,10,7,30,0.52058196,,,
1046063,55813963,11,8,30,0.5977158,,,
1112415,68390836,1,9,30,0.53143835,,,
1130756,36402535,2,9,30,0.57134557,,,
1186865,36773682,4,9,30,0.5133143,,,
1249707,54910535,7,9,30,0.5022984,,,
1419433,55098921,12,9,30,0.5432945,,,
1475488,23818742,2,10,30,0.522371,,,
1577451,87578425,5,10,30,0.50874805,,,
1684266,21037971,9,10,30,0.54684764,,,
1705247,37351346,9,10,30,0.5259225,,,
1737823,38939805,11,10,30,0.55582875,,,
2067260,38518948,7,11,30,0.53172475,,,
17849,66475609,5,2,31,0.5492206,money pot,,
200813,64091647,2,5,31,0.6119111,bigger pot,,
376096,45234484,1,6,31,0.5355101,,,
580396,37367064,1,7,31,0.5907453,,,
613040,63492230,2,7,31,0.55199766,,,
684709,70906014,6,7,31,0.5783574,a pot,,
697819,23891365,7,7,31,0.61038107,,,
733485,73666040,8,7,31,0.5410486,PotCoin,,
736306,13639180,9,7,31,0.54229504,,,
737932,33932144,9,7,31,0.5484066,,,
776910,40512963,11,7,31,0.5345939,into the pot,,
1034702,28933995,10,8,31,0.5380969,,,
1077651,39714493,12,8,31,0.5433608,,,
1129064,27692244,2,9,31,0.5985429,,,
1129145,11912751,2,9,31,0.57283443,,,
1336052,41773250,10,9,31,0.59139574,,,
1530323,96121912,4,10,31,0.563914,,,
1597056,51449884,6,10,31,0.55745715,,,
1601679,68144143,6,10,31,0.53681105,,,
1644019,41208648,7,10,31,0.5729663,,,
1676030,57342771,8,10,31,0.52652866,,,
1709943,38235085,10,10,31,0.5436941,,,
1782783,51182002,12,10,31,0.6169014,,,
2136194,48850279,9,11,31,0.55669457,,,
2168106,16601292,10,11,31,0.5502184,,,
211587,59443481,3,5,32,0.46037072,,,
298619,64341461,9,5,32,0.36498794,,,
336162,60261657,11,5,32,0.37016892,,,
415035,67849439,3,6,32,0.37584868,,,
548153,62400630,11,6,32,0.46320915,"kettle, meet pot",,
548155,58133480,11,6,32,0.44388002,"kettle, meet pot",,
813202,51007616,1,8,32,0.35932377,,,
838487,83582824,2,8,32,0.39874965,,,
851929,83368801,2,8,32,0.36530054,legitimate,,
941440,14615975,6,8,32,0.5099156,,,
946532,13522981,7,8,32,0.420922,,,
1021795,47419264,10,8,32,0.40263966,,,
1053167,14191052,11,8,32,0.3685982,,,
1059078,91045546,11,8,32,0.37129104,,,
1118016,91353307,2,9,32,0.37295985,,,
1124103,23575405,2,9,32,0.41773978,,,
1350664,46107267,10,9,32,0.36162278,,,
1393990,11428315,11,9,32,0.4107054,,,
1407283,20456044,12,9,32,0.38856277,,,
1423564,29020835,12,9,32,0.44905138,,,
1462208,70276452,2,10,32,0.4191327,,,
1514319,92148171,3,10,32,0.4392077,,,
1540016,65129668,4,10,32,0.37871978,,,
1668085,88708549,8,10,32,0.4914247,,,
2258541,22699136,11,11,32,0.40694144,,,
3836,19673097,8,1,33,0.35063502,,,
160053,13863248,10,4,33,0.2985304,,,
226072,87590054,4,5,33,0.29431805,,,
370310,58467091,1,6,33,0.31198242,,,
654267,70744156,4,7,33,0.3123784,,,
657948,26761451,4,7,33,0.3811628,,,
741479,69405420,9,7,33,0.2943734,,,
830486,97043557,1,8,33,0.3230681,,,
854959,92408155,2,8,33,0.32264593,,,
861559,19097062,3,8,33,0.2928775,,,
871255,94971275,3,8,33,0.30543783,,,
884414,48264299,4,8,33,0.29581234,,,
1035786,56211487,10,8,33,0.34656832,,,
1166050,96754656,3,9,33,0.33303663,,,
1393849,98993726,11,9,33,0.33421507,,,
1406765,72780224,12,9,33,0.29553503,,,
1425144,74405757,12,9,33,0.29642776,,,
1543714,50652241,4,10,33,0.34955227,,,
1628905,48301790,7,10,33,0.29922175,,,
1748090,57317305,11,10,33,0.31466532,,,
1803806,45340195,1,11,33,0.30354542,,,
1820521,58510798,1,11,33,0.36124566,,,
2114094,56292825,8,11,33,0.29857358,,,
2128771,58964126,9,11,33,0.29490897,,,
2179362,74094907,10,11,33,0.34160274,,,
45613,98926573,5,3,34,0.1967131,,,
174458,93655806,12,4,34,0.22196919,,,
174618,88892456,12,4,34,0.21858665,,,
207792,99157657,3,5,34,0.21671675,,,
280891,75425726,7,5,34,0.21581165,,,
531096,22989893,10,6,34,0.30041462,,,
562875,11258401,12,6,34,0.2021566,,,
604550,65214026,2,7,34,0.21494533,,,
626587,53969789,3,7,34,0.22132531,,,
637845,45612292,3,7,34,0.20396459,,,
781807,41011990,11,7,34,0.22511512,,,
793837,83351369,12,7,34,0.21666142,,,
838102,25271911,2,8,34,0.29601535,,,
1038609,33413534,10,8,34,0.19845551,,,
1251685,39508444,7,9,34,0.24442828,,,
1399154,10265447,12,9,34,0.29389665,,,
1399155,76977062,12,9,34,0.29392904,,,
1422930,28001711,12,9,34,0.2991651,,,
1510938,81984295,3,10,34,0.28502822,,,
1900613,65232718,3,11,34,0.2617489,,,
2002728,41710247,6,11,34,0.1998881,,,
2048091,30914988,7,11,34,0.20670214,,,
2199147,26303201,10,11,34,0.23484002,,,
2244389,63748419,11,11,34,0.3066696,,,
2276995,89596963,12,11,34,0.22342166,,,
36713,25849201,2,3,35,0.5009101,,,
36714,77220841,2,3,35,0.499618,,,
88529,67643227,2,4,35,0.50108,,,
95459,40562258,3,4,35,0.52326596,,,
95461,59555689,3,4,35,0.5232717,,,
102331,83079918,4,4,35,0.5878889,,,
143296,46303144,9,4,35,0.5190016,,,
170295,40813335,11,4,35,0.5468986,,,
174623,37551941,12,4,35,0.50085056,,,
185071,54463092,1,5,35,0.51830196,,,
197758,50873715,2,5,35,0.6193666,,,
210373,11909828,3,5,35,0.5030382,,,
268405,82971122,7,5,35,0.5103106,,,
291051,93664261,8,5,35,0.52242255,,,
373271,91912233,1,6,35,0.5635876,,,
438722,14370398,5,6,35,0.5324846,,,
467016,76901501,6,6,35,0.53923714,,,
528464,86919671,10,6,35,0.53193873,,,
750916,47838248,9,7,35,0.4967364,,,
1233622,52021584,6,9,35,0.5613388,,,
1261947,11070840,7,9,35,0.5044444,,,
1268676,58956288,8,9,35,0.5269145,,,
1382355,76106942,11,9,35,0.51292694,,,
1522225,63813919,3,10,35,0.51240534,,,
2306317,37205945,12,11,35,0.53958106,,,
83358,47155199,1,4,36,0.28112262,,,
214693,29666118,3,5,36,0.29055765,,,
233285,74371983,4,5,36,0.27888536,,,
321135,70974127,10,5,36,0.29100162,,,
376738,82880164,1,6,36,0.3025757,,,
458577,40418258,6,6,36,0.27476636,,,
486176,52165394,8,6,36,0.29035756,,,
840460,56510335,2,8,36,0.3056479,,,
919166,29795348,5,8,36,0.31564856,,,
945329,62604562,7,8,36,0.27827257,,,
1109235,18059169,1,9,36,0.27918124,,,
1133353,71658877,2,9,36,0.2796089,,,
1249718,78064999,7,9,36,0.34219298,,,
1289840,43694641,8,9,36,0.28587213,,,
1308444,45763961,9,9,36,0.30647993,,,
1581575,81354397,5,10,36,0.29101065,,,
1585643,34298863,5,10,36,0.34200877,,,
1600540,11392765,6,10,36,0.3152227,,,
1616257,90621467,6,10,36,0.30052146,,,
1687728,26734301,9,10,36,0.28483868,,,
1845204,79695989,1,11,36,0.3233643,,,
1861418,21541306,2,11,36,0.2781453,,,
1931579,63892608,4,11,36,0.29426706,,,
2001789,57822638,6,11,36,0.28400943,,,
2132370,32969555,9,11,36,0.295687,,,
38869,28620289,3,3,37,0.4999166,,,
49008,31276187,6,3,37,0.49987507,,,
126374,48494266,7,4,37,0.50073457,,,
141190,67301894,9,4,37,0.49990276,,,
233083,40607826,4,5,37,0.5038567,,,
261488,25661858,6,5,37,0.49986222,,,
489656,34786104,8,6,37,0.49986774,,,
504710,90801627,9,6,37,0.49989054,,,
531468,14618271,10,6,37,0.49990192,,,
619811,46049369,2,7,37,0.49998102,,,
628707,46256524,3,7,37,0.55113363,,,
703080,19436982,7,7,37,0.49988723,,,
861288,90921316,3,8,37,0.49986166,,,
951626,52924465,7,8,37,0.4998791,,,
1040877,53418113,10,8,37,0.49985963,,,
1054368,98003773,11,8,37,0.49989328,,,
1737009,22451314,11,10,37,0.4998575,,,
1785263,20498056,12,10,37,0.49996927,,,
1898693,59380103,3,11,37,0.49989328,,,
2037240,79389688,6,11,37,0.49988595,,,
2094043,27217362,8,11,37,0.49985087,,,
2119087,98976414,8,11,37,0.49987298,,,
2125211,84941235,9,11,37,0.49986455,,,
2259527,81075068,11,11,37,0.49987808,,,
2265075,71045384,11,11,37,0.49985763,,,
10950,52491211,2,2,38,0.2932423,,,
15271,42858779,3,2,38,0.29002455,,,
15494,80798957,3,2,38,0.3029031,,,
59005,49859595,8,3,38,0.27801272,,,
183724,12135885,1,5,38,0.30478534,,,
508307,17065578,9,6,38,0.28543255,,,
589868,54963076,1,7,38,0.27866387,,,
631370,99676077,3,7,38,0.27722475,,,
696073,96497355,6,7,38,0.39083672,,,
740381,67152128,9,7,38,0.30992803,,,
744049,95773946,9,7,38,0.28163835,,,
823213,41152232,1,8,38,0.2797088,,,
949382,21182849,7,8,38,0.41867197,,,
985950,39409875,8,8,38,0.28234288,,,
1003165,36513364,9,8,38,0.27956012,,,
1063547,26482728,11,8,38,0.3335969,,,
1502201,46634239,3,10,38,0.28409502,,,
1742812,24006716,11,10,38,0.42085275,,,
1981155,86943677,5,11,38,0.2920449,,,
2000374,33492675,6,11,38,0.28834376,,,
2015609,70524451,6,11,38,0.34701785,,,
2035594,86917481,6,11,38,0.34855926,,,
2208541,67009358,10,11,38,0.33517578,,,
2237163,18812592,11,11,38,0.30796,,,
2244912,87224492,11,11,38,0.2858068,,,
5139,51800325,10,1,39,0.7445014,,,
5161,98019394,10,1,39,0.76821536,,,
100443,75855386,4,4,39,0.8282179,,,
153499,57608440,10,4,39,0.76567656,,,
160498,77693044,10,4,39,0.7961911,,,
203958,99175983,2,5,39,0.78012264,,,
208667,32450064,3,5,39,0.79514337,,,
250506,19397956,6,5,39,0.75633806,,,
260221,35780875,6,5,39,0.75771743,,,
369107,39959014,1,6,39,0.80774397,,,
380958,27019005,1,6,39,0.75665855,,,
400602,61937211,3,6,39,0.76137984,,,
410249,39944967,3,6,39,0.7684678,,,
438658,47273711,5,6,39,0.80755615,,,
507841,41656166,9,6,39,0.761768,,,
527227,43816479,10,6,39,0.77400726,,,
622752,42583477,3,7,39,0.7546486,,,
661690,24455628,4,7,39,0.75166464,,,
801173,22351451,12,7,39,0.78231776,,,
802430,21733582,12,7,39,0.74794406,,,
1189687,28580622,4,9,39,0.7541462,,,
1236396,96183893,6,9,39,0.7557017,,,
1331652,41499812,10,9,39,0.75148445,,,
1427767,45592735,1,10,39,0.7754219,,,
2147494,21489737,9,11,39,0.76898795,,,
12745,74260210,3,2,40,0.5898503,,,
13342,15110545,3,2,40,0.6340744,,,
16506,12350832,4,2,40,0.63571507,,,
17987,12931103,5,2,40,0.52206486,,,
30337,70884601,11,2,40,0.6357198,,,
30681,30996886,12,2,40,0.60620177,,,
32503,26430101,12,2,40,0.5735498,,,
37943,12907486,3,3,40,0.6357081,,,
38571,86842688,3,3,40,0.67427826,,,
38646,22130363,3,3,40,0.5505156,,,
40221,86826099,3,3,40,0.67425144,,,
55288,21580019,8,3,40,0.6498196,,,
58036,34344718,8,3,40,0.6521157,,,
60662,58864531,9,3,40,0.6521473,,,
61573,29592284,9,3,40,0.6228114,,,
65232,29012109,10,3,40,0.67424643,,,
80074,58406139,12,3,40,0.6742475,,,
80131,52775709,12,3,40,0.66696715,,,
83183,21786262,1,4,40,0.66191864,,,
84033,38272346,1,4,40,0.6619256,,,
196352,76080590,2,5,40,0.67424124,,,
284347,61134546,8,5,40,0.5312736,,,
313130,56868239,10,5,40,0.6597621,,,
1147499,92648105,3,9,40,0.5391524,,,
1540238,74051628,4,10,40,0.523343,,,
3864,96002444,8,1,41,0.27414387,,,
412098,46254936,3,6,41,0.25192443,flower pot,,
421537,26433602,4,6,41,0.26294458,,,
431800,84121209,4,6,41,0.28015354,,,
618531,61002550,2,7,41,0.26736414,flower pot,,
770219,16544865,10,7,41,0.32774135,lots of links,,
820908,80292251,1,8,41,0.27974814,flower pot,,
827432,53743967,1,8,41,0.26587814,,relevant with lots of links,
836984,62082051,2,8,41,0.26101092,honey pot,,
868660,62543551,3,8,41,0.32478154,honey pot,,
876693,85875853,3,8,41,0.25887522,honey pot,,
892897,69926765,4,8,41,0.324485,a pot,,
898531,49830236,4,8,41,0.29272246,,lots of links,
904422,62221351,5,8,41,0.28214115,flower pot,,
932042,86602748,6,8,41,0.25038335,,relevant with lots of links,
934214,58659497,6,8,41,0.2510748,,relevant with lots of links,
947517,10490423,7,8,41,0.27334058,,,
970536,80521910,8,8,41,0.24989405,Honey-pot,,
1088113,48797978,12,8,41,0.28187522,pot and a box,,
1599450,13907577,6,10,41,0.25362724,,,
1656849,47745800,8,10,41,0.2751313,62221351,,
1739266,65329790,11,10,41,0.27577534,,,
1795096,13271855,1,11,41,0.25037837,62221351,,
2213892,84874754,10,11,41,0.24818678,,,
2287654,39620186,12,11,41,0.30221105,,,
10682,26839321,2,2,42,0.6467417,,,
22258,82382186,7,2,42,0.5927048,,,
59836,43061087,8,3,42,0.5862547,,,
220076,38304121,4,5,42,0.615579,,,
269008,53150426,7,5,42,0.60621774,,,
486280,64926751,8,6,42,0.60065734,,,
767552,47438138,10,7,42,0.5869072,,,
833644,76073059,1,8,42,0.57835877,,,
1016144,28375655,10,8,42,0.5816584,,,
1047783,74467263,11,8,42,0.6631399,,,
1061769,39085461,11,8,42,0.59588635,,,
1106582,36485536,1,9,42,0.6714749,,,
1171095,73392607,4,9,42,0.6155542,,,
1240442,99759723,7,9,42,0.6213641,,,
1474748,81618538,2,10,42,0.58494073,,,
1553223,53314019,4,10,42,0.5850506,,,
1658282,24050292,8,10,42,0.5760878,,,
1692442,73687389,9,10,42,0.5806832,,,
1694327,27172750,9,10,42,0.59784675,,,
1720959,98973913,10,10,42,0.6753811,,,
1741910,55501634,11,10,42,0.57816184,,,
1912153,31425511,3,11,42,0.59252775,,,
1954562,26599285,4,11,42,0.5782055,,,
2186319,61189917,10,11,42,0.5899423,,,
2276496,25213166,12,11,42,0.600019,,,
610,49425121,2,1,43,0.32981363,,a relevant news link,
1215,42688453,3,1,43,0.24282168,,,
3822,70442165,8,1,43,0.24870566,,,
577331,52141616,1,7,43,0.23992825,list of vox links,,
620588,28908539,2,7,43,0.23834243,52141616,,
622279,60245817,3,7,43,0.23832382,52141616,,
623016,19189572,3,7,43,0.23987503,52141616,,
623420,94237521,3,7,43,0.2383277,52141616,,
623915,81885250,3,7,43,0.23831524,52141616,,
624387,35489410,3,7,43,0.23831615,52141616,,
624959,72358188,3,7,43,0.23992573,52141616,,
625639,47074276,3,7,43,0.23832142,52141616,,
626538,77699604,3,7,43,0.23833269,52141616,,
627061,26033732,3,7,43,0.239929,52141616,,
627766,12110255,3,7,43,0.23992553,52141616,,
628605,61855449,3,7,43,0.23832694,52141616,,
630380,22094109,3,7,43,0.23834531,52141616,,
631380,35471109,3,7,43,0.23992652,52141616,,
634503,47886684,3,7,43,0.23992799,52141616,,
635034,70748898,3,7,43,0.23992936,52141616,,
635570,76310685,3,7,43,0.23992573,52141616,,
636639,27104445,3,7,43,0.2399251,52141616,,
637063,93238862,3,7,43,0.23871738,52141616,,
637569,96564110,3,7,43,0.23965377,52141616,,
817325,25105943,1,8,43,0.23987547,52141616,,
562,69676689,2,1,44,0.4310098,pot (for cooking),,
276761,71407282,7,5,44,0.3543439,,,
326381,97830111,11,5,44,0.36699867,crock pot,,
356930,40675627,12,5,44,0.38990012,,,
560239,73528895,12,6,44,0.35883263,,,
906000,96900916,5,8,44,0.3591651,,,
936109,93881918,6,8,44,0.35449082,,,
988620,77540054,8,8,44,0.36385313,,,
1016927,14313367,10,8,44,0.3776708,,,
1025744,25048182,10,8,44,0.38527963,,,
1082624,23912395,12,8,44,0.37794363,,,
1258954,41630935,7,9,44,0.35635963,,,
1389157,22237045,11,9,44,0.37294206,,,
1609115,74493395,6,10,44,0.38279212,,,
1615832,50800910,6,10,44,0.42381546,,,
1679894,41693204,9,10,44,0.3979734,,,
1714596,78052993,10,10,44,0.38854524,,,
1738070,53481334,11,10,44,0.38706312,,,
1769689,13215717,12,10,44,0.36722478,,,
1874193,81227304,2,11,44,0.3775596,,,
1877058,91450488,2,11,44,0.3746784,,,
1916939,30501406,3,11,44,0.3964141,,,
2264175,65226168,11,11,44,0.39216,,,
2264290,85098484,11,11,44,0.36455435,,,
2265738,24586054,11,11,44,0.35749194,,,
13573,90678587,3,2,45,0.58416533,,,
21445,30393394,7,2,45,0.6930505,,,
58610,20310468,8,3,45,0.584078,,,
70766,86755610,10,3,45,0.7774607,,,
71783,20707348,10,3,45,0.63220274,,,
95831,51960018,3,4,45,0.59484744,,,
96867,62437600,3,4,45,0.63617676,,,
100119,84554924,4,4,45,0.6231217,,,
100456,57100684,4,4,45,0.5998042,,,
133833,10424419,8,4,45,0.65497404,,,
140177,34546799,9,4,45,0.5546471,,,
141282,70028685,9,4,45,0.5630853,,,
167785,87648820,11,4,45,0.5393674,,,
167790,66215839,11,4,45,0.53937787,,,
167792,73319283,11,4,45,0.53929305,,,
172543,61875342,12,4,45,0.6365692,,,
191294,96510512,1,5,45,0.5415537,,,
208684,15832554,3,5,45,0.6134075,,,
256088,29510232,6,5,45,0.6988083,,,
283423,24721736,8,5,45,0.6407592,,,
324593,65757084,10,5,45,0.67293966,,,
653090,69796451,4,7,45,0.5730037,,,
893567,59051785,4,8,45,0.58944,,,
1011570,80758002,9,8,45,0.58507216,,,
1025344,32077316,10,8,45,0.6854972,,,
401649,64252346,3,6,46,0.6127336,,,
497404,80110866,8,6,46,0.61701596,,,
678832,34022294,5,7,46,0.67529607,,,
715493,71373878,7,7,46,0.6170269,,,
803860,31948294,12,7,46,0.61539537,,,
874350,64309839,3,8,46,0.6015357,,,
912560,86121165,5,8,46,0.5989523,,,
979993,20518610,8,8,46,0.5897858,,,
987089,22057769,8,8,46,0.5952919,,,
1002600,60420758,9,8,46,0.63078713,,,
1042697,73813136,10,8,46,0.58892983,,,
1042698,97704273,10,8,46,0.67417324,,,
1136183,18144494,2,9,46,0.66084427,,,
1167278,26707882,4,9,46,0.6057588,,,
1257072,47405239,7,9,46,0.6596436,,,
1280103,70458395,8,9,46,0.62596524,,,
1305099,61579146,9,9,46,0.6029731,,,
1513140,24949175,3,10,46,0.6289184,,,
1525700,71243469,4,10,46,0.72349274,,,
1699178,43935767,9,10,46,0.5971813,,,
1827575,89498139,1,11,46,0.5855295,,,
2024850,66017556,6,11,46,0.5970651,,,
2110684,42000052,8,11,46,0.6344379,,,
2241256,97595068,11,11,46,0.65531665,,,
2278975,80229648,12,11,46,0.6404255,,,
12929,83146058,3,2,47,0.46496803,,,
270706,72879878,7,5,47,0.53750646,,,
285723,37473793,8,5,47,0.47722661,,,
473680,61064406,7,6,47,0.4812192,,,
488899,24807122,8,6,47,0.5288593,,,
621178,56930933,2,7,47,0.4634569,,,
649145,33258195,4,7,47,0.51155794,,,
679849,36724570,5,7,47,0.47922403,,,
684635,84243629,6,7,47,0.48088184,,,
789616,28467347,11,7,47,0.50529164,,,
826753,87506742,1,8,47,0.4626692,,,
1037286,78917094,10,8,47,0.47834206,,,
1148926,16627526,3,9,47,0.4948998,,,
1282475,35049708,8,9,47,0.5375023,,,
1383932,54067027,11,9,47,0.46625307,,,
1405502,39104869,12,9,47,0.52392966,,,
1544638,98214086,4,10,47,0.46391425,,,
1580796,96955642,5,10,47,0.5347876,,,
1704933,99878203,9,10,47,0.48528224,,,
1769184,87859534,12,10,47,0.5469286,,,
1880967,40800844,2,11,47,0.48925292,,,
1971435,17356131,5,11,47,0.50597,,,
2014960,92881948,6,11,47,0.46557578,,,
2244436,55621666,11,11,47,0.47255948,,,
2298870,75237326,12,11,47,0.50940734,,,
11884,65993977,2,2,48,0.8196514,,,
55272,65817053,8,3,48,0.64626056,,,
63459,55004306,9,3,48,0.62786597,,,
97973,44879692,3,4,48,0.6618763,,,
115236,66579733,6,4,48,0.6886427,,,
121156,14708887,6,4,48,0.6810274,,,
221105,23422922,4,5,48,0.62731904,,,
289759,25845439,8,5,48,0.6270276,,,
381423,21086503,1,6,48,0.6374279,,,
437647,56138721,5,6,48,0.63767326,,,
449357,79569801,5,6,48,0.6289132,,,
474975,67347301,7,6,48,0.6423418,,,
570435,53414618,1,7,48,0.71139044,,,
603095,87920359,2,7,48,0.633285,,,
1203426,46579478,5,9,48,0.6317303,,,
1335791,14904371,10,9,48,0.64596653,,,
1456121,46861326,1,10,48,0.69371027,,,
1467735,88029971,2,10,48,0.66886884,,,
1488134,28436705,2,10,48,0.6405245,,,
1494820,58465707,3,10,48,0.63358724,,,
1696644,67246009,9,10,48,0.712487,,,
1725908,51564614,10,10,48,0.62865937,,,
1985692,29576656,5,11,48,0.67923325,,,
2184922,87515884,10,11,48,0.6440449,,,
2206133,13865334,10,11,48,0.63926744,,,
114090,96439537,6,4,49,0.7007172,,,
662620,61976661,5,7,49,0.6974226,,,
797193,78268867,12,7,49,0.701766,,,
862884,54319448,3,8,49,0.8015588,,,
1067024,46281950,11,8,49,0.7488935,,,
1088821,73936111,12,8,49,0.70744085,,,
1160270,66439645,3,9,49,0.6898485,,,
1378515,46736557,11,9,49,0.7451856,,,
1429300,22444026,1,10,49,0.69731086,,,
1587676,15126505,5,10,49,0.7426193,,,
1678494,89438681,9,10,49,0.72562397,,,
1704111,94234948,9,10,49,0.6941869,,,
1709532,45011269,10,10,49,0.74029934,,,
1783758,95307654,12,10,49,0.7063659,,,
1888934,43583042,3,11,49,0.7262236,,,
1948854,19306728,4,11,49,0.74578404,,,
2045055,24697978,7,11,49,0.69988805,,,
2055824,97151491,7,11,49,0.6973647,,,
2065060,44887985,7,11,49,0.7245606,,,
2066806,73495777,7,11,49,0.70410746,,,
2081933,27885623,8,11,49,0.733649,,,
2125830,35125940,9,11,49,0.7062411,,,
2171146,81710335,10,11,49,0.69579357,,,
2255224,24264949,11,11,49,0.74988323,,,
2258860,74004891,11,11,49,0.6929636,,,
105075,44737393,4,4,50,0.7315832,,,
183681,57059336,1,5,50,0.76623553,,,
311720,39333960,10,5,50,0.7405061,,,
663509,11346799,5,7,50,0.7832803,,,
776085,12475515,11,7,50,0.72335505,,,
783409,14718317,11,7,50,0.78999656,,,
797549,63090842,12,7,50,0.7297337,,,
1043432,26735165,10,8,50,0.72460604,,,
1076027,73428047,12,8,50,0.7224397,,,
1080462,89023186,12,8,50,0.7230997,,,
1180062,68628086,4,9,50,0.7346466,,,
1250314,12622434,7,9,50,0.744088,,,
1414160,45218121,12,9,50,0.72648853,,,
1445820,65661657,1,10,50,0.74004185,,,
1450954,56654510,1,10,50,0.7391122,,,
1476939,74352294,2,10,50,0.72091633,,,
1596576,77020846,6,10,50,0.7711772,,,
1609948,79613139,6,10,50,0.73367095,,,
1695179,11663986,9,10,50,0.7523017,,,
1814527,79244221,1,11,50,0.72697496,,,
2013946,26480321,6,11,50,0.7596007,,,
2053463,27644021,7,11,50,0.76789606,,,
2115492,33917044,8,11,50,0.7777312,,,
2195807,61010810,10,11,50,0.7183666,,,
2253818,82532873,11,11,50,0.770386,,,
309408,18620051,9,5,51,0.2377407,circuit using the same pot,,
348267,44571365,11,5,51,0.24514034,a pot,,
396163,38731242,2,6,51,0.23432888,a pot,,
400202,95847930,2,6,51,0.2697169,the pot voltage,,
411902,44893615,3,6,51,0.23548193,current pot,,
576492,94451610,1,7,51,0.24182047,the pot,,
581389,64724835,1,7,51,0.28839564,Trim-pot,,
612946,46227109,2,7,51,0.24071348,ohm pot,,
653974,38298820,4,7,51,0.2664794,in series with the pot,,
673082,62732487,5,7,51,0.23046526,a pot,,
732584,18259996,8,7,51,0.34250674,0,,
759879,63706741,10,7,51,0.23864487,0,,
869678,76271948,3,8,51,0.22961746,0,,
870585,47075190,3,8,51,0.24878888,a pot,,
878763,23212434,3,8,51,0.3163165,list of scrabble words,,
900905,17424530,4,8,51,0.23026976,0,,
983428,24404349,8,8,51,0.23746356,0,,
1004955,68392456,9,8,51,0.2582002,,,
1038480,14007756,10,8,51,0.2309919,0,,
1039074,81431401,10,8,51,0.255092,0,,
1106482,97212962,1,9,51,0.2357468,0,,
1203219,64850538,5,9,51,0.248785,0,,
1909009,15982365,3,11,51,0.23524986,0,,
1929772,80266697,4,11,51,0.2288786,0,,
2262915,87690323,11,11,51,0.2536014,,,
4825,88770109,9,1,52,0.25862098,"Pol Pot, Pol pot",,
10086,22065679,2,2,52,0.25186148,shwag,,
54201,77661756,7,3,52,0.23729517,,,
80926,95553956,12,3,52,0.34915546,,,
290111,90078339,8,5,52,0.23321559,a pot,,
305083,66817396,9,5,52,0.2700454,,,
338467,20668395,11,5,52,0.22669785,,,
476311,55951215,7,6,52,0.30617237,pot bunker,,
605744,63129281,2,7,52,0.28424737,legitimate,,
744010,31127483,9,7,52,0.22626817,cardiac arrest,,
1054277,12997023,11,8,52,0.2422275,,,
1080035,88745952,12,8,52,0.23216952,,,
1296213,40595923,9,9,52,0.22814772,,,
1383619,30397020,11,9,52,0.2544538,sentences,,
1541045,53751047,4,10,52,0.2727518,,,
1556741,61802392,4,10,52,0.22732179,No offense,,
1565693,23551263,5,10,52,0.2692806,pot ramen,,
1598530,85455800,6,10,52,0.25270537,23551263,,
1599401,53694455,6,10,52,0.27504435,23551263,,
1649782,55456717,8,10,52,0.27881148,23551263,,
1680445,27874901,9,10,52,0.27977213,23551263,,
1854905,48555694,2,11,52,0.24190882,,,
1996771,17225411,6,11,52,0.24440803,,,
2000888,75620673,6,11,52,0.27351034,,,
2095907,28032449,8,11,52,0.23121919,should ban [users],,
170523,46845896,11,4,53,0.5227864,,,
196595,38106519,2,5,53,0.51341635,,,
531088,26735917,10,6,53,0.5235143,,,
569510,11942548,1,7,53,0.51764995,,,
710483,86929730,7,7,53,0.5640202,,,
769446,89885471,10,7,53,0.56238824,,,
810787,17191419,12,7,53,0.51593417,,,
895775,22823819,4,8,53,0.5379772,,,
1159693,81010441,3,9,53,0.52008176,,,
1164676,27130148,3,9,53,0.58521014,,,
1165949,82122140,3,9,53,0.5162228,,,
1192771,86410708,5,9,53,0.5395182,,,
1391219,67947827,11,9,53,0.5229351,,,
1398493,16676278,12,9,53,0.5152172,,,
1416362,72599448,12,9,53,0.5477782,,,
1446747,25729016,1,10,53,0.53668934,,,
1506261,64937819,3,10,53,0.553884,,,
1521769,48571664,3,10,53,0.5347215,,,
1587062,58364568,5,10,53,0.64722514,,,
1662389,51417162,8,10,53,0.5730038,,,
1709285,80315364,10,10,53,0.54478335,,,
1714322,84250842,10,10,53,0.51900136,,,
1868130,17085502,2,11,53,0.53254235,,,
2055835,85480881,7,11,53,0.55806834,,,
2071353,76061882,7,11,53,0.51817596,,,
21703,52700813,7,2,54,0.871669,"a pot, a law (palindrome)",,
23593,94876740,8,2,54,0.87167287,52700813,,
34679,68894932,1,3,54,0.87171054,52700813,,
35365,47282390,2,3,54,0.8716699,52700813,,
37382,26031686,2,3,54,0.8716811,52700813,,
51218,51897852,7,3,54,0.87043536,52700813,,
75343,69761533,11,3,54,0.8704278,52700813,,
76673,69907026,11,3,54,0.8716661,52700813,,
84048,86049831,1,4,54,0.8716818,52700813,,
133395,73124178,8,4,54,0.8716972,52700813,,
238223,37416011,5,5,54,0.8717241,52700813,,
238330,94182985,5,5,54,0.87166333,52700813,,
350784,50816518,12,5,54,0.8716699,52700813,,
415794,15201072,3,6,54,0.8716701,52700813,,
577335,40197465,1,7,54,0.871698,52700813,,
677231,54143372,5,7,54,0.8716746,52700813,,
723693,95847546,8,7,54,0.87050396,52700813,,
729108,80060593,8,7,54,0.87170494,52700813,,
813863,16444538,1,8,54,0.8704288,52700813,,
1041439,88163610,10,8,54,0.8716829,52700813,,
1282722,28321983,8,9,54,0.8716676,52700813,,
1345823,62242399,10,9,54,0.8717726,52700813,,
1391351,98993549,11,9,54,0.8716803,52700813,,
1468871,11124525,2,10,54,0.87169194,52700813,,
2054716,40864471,7,11,54,0.87168765,52700813,,
126998,74223191,7,4,55,0.322333,,,
132084,82909545,8,4,55,0.32507226,,,
247462,92796806,5,5,55,0.28589526,,,
280169,53323703,7,5,55,0.268972,,,
326842,15917252,11,5,55,0.27497655,,,
371490,54949479,1,6,55,0.28269753,,,
452775,11433310,6,6,55,0.33608824,,,
461489,65869384,6,6,55,0.27859992,,,
469196,96027187,7,6,55,0.27070466,,,
593967,56391852,1,7,55,0.27714685,,,
694934,32150968,6,7,55,0.2875235,,,
729084,10403673,8,7,55,0.42878774,,,
959467,24816468,7,8,55,0.29225308,,,
1065602,34342554,11,8,55,0.27335098,,,
1118687,71414632,2,9,55,0.2988324,,,
1173110,31712289,4,9,55,0.28868103,,,
1262856,43374679,7,9,55,0.33316296,,,
1270030,64446363,8,9,55,0.30331162,,,
1317757,32409981,9,9,55,0.27484506,,,
1398931,93344506,12,9,55,0.29235283,,,
1429531,63029809,1,10,55,0.28195038,,,
1577033,36939428,5,10,55,0.2818028,,,
1669704,86560826,8,10,55,0.27355835,,,
1797189,47776464,1,11,55,0.28902107,,,
2139151,27224408,9,11,55,0.31634548,,,
135941,43567880,8,4,56,0.49489838,,,
200375,88715560,2,5,56,0.4937882,,,
270073,60055808,7,5,56,0.49961716,,,
299390,70998232,9,5,56,0.50114995,,,
299711,21731267,9,5,56,0.53087103,,,
314861,25267675,10,5,56,0.58281887,,,
342559,99962188,11,5,56,0.52535766,,,
356853,51313100,12,5,56,0.50950474,,,
505958,98426306,9,6,56,0.5154608,,,
624819,63423536,3,7,56,0.5055991,,,
782520,96811244,11,7,56,0.5188343,,,
813272,26163087,1,8,56,0.5501322,,,
898719,71561509,4,8,56,0.56409174,,,
1002638,48175135,9,8,56,0.53310883,,,
1009990,43798202,9,8,56,0.48605725,,,
1025339,98937885,10,8,56,0.49274212,,,
1084214,84134430,12,8,56,0.4862341,,,
1115372,86648679,2,9,56,0.534042,,,
1132690,93028331,2,9,56,0.5530608,,,
1378384,71614236,11,9,56,0.4988816,,,
1630994,34423362,7,10,56,0.48485416,,,
1799966,65042795,1,11,56,0.51265,,,
1919191,14451284,3,11,56,0.552167,,,
2065964,62909332,7,11,56,0.5328565,,,
2128984,42555082,9,11,56,0.49007425,,,
648699,51904606,4,7,57,0.8078786,bot,,
859069,53906394,3,8,57,0.62364763,subreddit list,,
879441,53911366,3,8,57,0.92746145,subreddit list,,
883620,60839858,4,8,57,0.6583782,removed comments,,
884234,15130454,4,8,57,0.6596687,removed comments,,
885881,16293679,4,8,57,0.6064429,removed comments,,
899962,12424216,4,8,57,0.67979527,removed comments,,
946139,82741593,7,8,57,0.7274921,subreddits down,,
946206,80947196,7,8,57,0.7312065,subreddit list,,
946254,62827478,7,8,57,0.7996165,subreddit list,,
946276,92550010,7,8,57,0.7674493,subreddit list,,
946350,98985395,7,8,57,0.75072384,subreddit list,,
946409,45692080,7,8,57,0.7239095,subreddit list,,
946739,51050747,7,8,57,0.67537946,about subreddit moderation,,
1191028,99029636,4,9,57,0.6173544,bot for links to the thread,,
1224967,32317017,6,9,57,0.612009,bot for links to the thread,,
1431676,99458035,1,10,57,0.82381433,subreddit list,,
1456914,77867903,2,10,57,0.62981886,bot for links to the thread,,
1708867,51447002,10,10,57,0.61530244,bot for links to the thread,,
1812538,12476073,1,11,57,0.6177786,bot for links to the thread,,
1816611,42806431,1,11,57,0.65258384,subreddit list,,
1948732,55958130,4,11,57,0.62384945,bot for links to the thread,,
2127794,15395250,9,11,57,0.6063337,bot for links to the thread,,
2176151,56360551,10,11,57,0.624134,bot for links to the thread,,
2291485,37540925,12,11,57,0.8249683,subreddit list,,
519787,58701781,10,6,58,0.7061874,"a weed, laws of physics",,
519828,65167975,10,6,58,0.70631254,58701781,,
555501,84680842,12,6,58,0.6974008,0,,
1076223,34223274,12,8,58,0.69682914,84680842,,
1442796,56511947,1,10,58,0.69682896,84680842,,
1487717,38124561,2,10,58,0.6968282,84680842,,
1487721,19826376,2,10,58,0.6968298,84680842,,
1549885,41534749,4,10,58,0.6960193,84680842,,
1549895,53996948,4,10,58,0.696019,84680842,,
1549900,64958555,4,10,58,0.6960192,84680842,,
1549902,32631860,4,10,58,0.69601727,84680842,,
1549903,80131354,4,10,58,0.69601804,84680842,,
1550080,25103917,4,10,58,0.69645035,84680842,,
1550158,85570330,4,10,58,0.69601727,84680842,,
1550675,87086208,4,10,58,0.6960193,84680842,,
1568209,20851336,5,10,58,0.6960201,84680842,,
1582104,81706770,5,10,58,0.6968281,84680842,,
1610951,70599516,6,10,58,0.70353764,84680842,,
1615193,21518221,6,10,58,0.69682896,84680842,,
1722554,14934708,10,10,58,0.69601905,84680842,,
1753068,14243413,11,10,58,0.69644594,a weed,,
1768039,37497597,12,10,58,0.6964374,84680842,,
1780113,41255311,12,10,58,0.6964475,84680842,,
1791717,96166359,12,10,58,0.69644094,84680842,,
1791718,76280459,12,10,58,0.6964452,84680842,,
3442,17968780,7,1,59,0.32358682,,,
11869,77670713,2,2,59,0.38569313,,,
69761,90373432,10,3,59,0.39085078,,,
104243,44447607,4,4,59,0.32121843,,,
112843,90631560,5,4,59,0.33469933,,,
160407,19190839,10,4,59,0.31792435,,,
166809,19007643,11,4,59,0.3213342,,,
177922,86426584,12,4,59,0.32608405,,,
185383,63733590,1,5,59,0.3310659,,,
190179,78201756,1,5,59,0.34468466,,,
192321,19086571,1,5,59,0.34224665,,,
299002,59602773,9,5,59,0.617976,,,
341434,31083433,11,5,59,0.41023377,,,
567739,58941991,1,7,59,0.35388896,,,
724017,34958134,8,7,59,0.3592008,,,
726511,24269577,8,7,59,0.31395498,,,
728481,77399684,8,7,59,0.41301656,,,
820866,56363002,1,8,59,0.41731972,,,
1010550,72749652,9,8,59,0.35152206,,,
1303808,57428127,9,9,59,0.3529255,,,
1330144,97638139,10,9,59,0.3590934,,,
1819349,14076761,1,11,59,0.3217742,,,
1864242,78588259,2,11,59,0.38824618,,,
2128722,19260641,9,11,59,0.4280611,,,
2164469,88627933,10,11,59,0.36953208,,,
61078,36916167,9,3,60,0.6529507,,,
190486,46310635,1,5,60,0.65428483,,,
229664,53746060,4,5,60,0.6449988,,,
275107,53276255,7,5,60,0.7023222,,,
290988,49785133,8,5,60,0.6476193,,,
292765,18563594,8,5,60,0.6536728,,,
298526,18417322,9,5,60,0.65632504,,,
365677,67162640,12,5,60,0.68530923,,,
593781,40611388,1,7,60,0.6913566,,,
621802,10845957,2,7,60,0.65144813,,,
738587,53233758,9,7,60,0.6841053,,,
749651,43498331,9,7,60,0.6523268,,,
968342,74666132,8,8,60,0.6817052,,,
986931,80450769,8,8,60,0.6473046,,,
1132837,28632546,2,9,60,0.69256437,,,
1147609,25597949,3,9,60,0.64781415,,,
1224395,73241295,6,9,60,0.65862745,,,
1258253,93512775,7,9,60,0.693259,,,
1417496,78404980,12,9,60,0.64754343,,,
1428784,54608874,1,10,60,0.6504827,,,
1686448,33436673,9,10,60,0.74272186,,,
1854045,19923834,2,11,60,0.6609787,,,
1959057,69163138,4,11,60,0.6715787,,,
2150619,44851516,9,11,60,0.68127745,,,
2303990,26213127,12,11,60,0.65768594,,,
10363,42113401,2,2,61,0.23849103,out of the pot,,
28022,63596914,10,2,61,0.21502273,0,,
58579,42841882,8,3,61,0.2261246,0,,
171726,66046535,12,4,61,0.21039683,0,,
282033,66489277,7,5,61,0.23098393,,,
454747,44985203,6,6,61,0.22649129,0,,
468936,81197316,7,6,61,0.21949044,0,,
521374,53798426,10,6,61,0.21739917,0,,
603576,57917955,2,7,61,0.22438191,0,,
676304,41303812,5,7,61,0.23534976,0,,
859564,91831891,3,8,61,0.21661344,0,,
860681,63632779,3,8,61,0.24824895,0,,
874255,87576458,3,8,61,0.21227841,0,,
933640,14159153,6,8,61,0.22127578,0,,
1168946,38007143,4,9,61,0.23880729,0,,
1171313,67561052,4,9,61,0.23543626,0,,
1409407,44859867,12,9,61,0.21945186,67561052,,
1409410,10270909,12,9,61,0.21952757,67561052,,
1514562,10301893,3,10,61,0.23546077,67561052,,
1543153,35226414,4,10,61,0.24305658,cook in a pot,,
1559728,66937977,5,10,61,0.2515864,,,
1694542,47712146,9,10,61,0.22593036,67561052,,
1937480,32371037,4,11,61,0.21403818,0,,
2112657,64418985,8,11,61,0.21512882,0,,
2269035,43198304,11,11,61,0.25377133,crippy,,
356,83005617,1,1,62,0.6617447,,list of smokers,
182923,60972162,1,5,62,0.62597567,,list of smokers,
1068307,80096338,11,8,62,0.6421062,book ad,,
1068349,68273343,11,8,62,0.6262151,80096338,,
1068453,17100190,11,8,62,0.6225803,80096338,,
1068472,52063701,11,8,62,0.6288558,80096338,,
1068489,20190771,11,8,62,0.6266528,80096338,,
1111576,55361883,1,9,62,0.5725688,80096338,,
1111625,43659280,1,9,62,0.5721729,80096338,,
1111668,94256056,1,9,62,0.5797395,80096338,,
1111716,42189325,1,9,62,0.5817222,80096338,,
1113537,42071217,1,9,62,0.5553463,80096338,,
1113601,43572460,1,9,62,0.5639822,80096338,,
1113618,28409208,1,9,62,0.5598581,80096338,,
1113660,12941360,1,9,62,0.57060087,80096338,,
1114111,58095673,1,9,62,0.553758,80096338,,
1114385,87373514,1,9,62,0.55584884,Ironweed,,
1114781,53626430,2,9,62,0.5465786,80096338,,
1119744,32003567,2,9,62,0.55079097,80096338,,
1120075,69715000,2,9,62,0.5617299,80096338,,
1120399,60012956,2,9,62,0.555557,80096338,,
1121818,35209611,2,9,62,0.5615181,80096338,,
1122924,15427050,2,9,62,0.5714589,80096338,,
1123768,22595304,2,9,62,0.55439705,,,
1412423,40736540,12,9,62,0.57556695,,,
3018,13369974,6,1,63,0.36795148,,,
132729,36573181,8,4,63,0.39566737,,,
473419,27165968,7,6,63,0.3841204,,,
623425,52132998,3,7,63,0.38816527,,,
644327,24612054,4,7,63,0.40219313,,,
666763,97488582,5,7,63,0.36523575,,,
695288,34815297,6,7,63,0.38772207,,,
734395,26976435,8,7,63,0.38190567,,,
737723,21010481,9,7,63,0.3968628,,,
778224,39639581,11,7,63,0.43266767,,,
780158,68307395,11,7,63,0.43345046,,,
788751,73538649,11,7,63,0.3884071,,,
937242,72041121,6,8,63,0.3798722,,,
1066215,87258551,11,8,63,0.3677343,,,
1413578,91797051,12,9,63,0.373491,,,
1546187,72308161,4,10,63,0.41498256,,,
1667114,18035774,8,10,63,0.4733014,,,
1695880,13669748,9,10,63,0.410965,,,
1856528,28496794,2,11,63,0.36869922,,,
1986031,69514473,5,11,63,0.41537222,,,
2035258,86005816,6,11,63,0.38633487,,,
2060967,82627060,7,11,63,0.37558353,,,
2089386,97455286,8,11,63,0.40097064,,,
2111683,51241964,8,11,63,0.37131712,,,
2300427,31891349,12,11,63,0.37666243,,,
287,93222277,1,1,64,0.18199241,,,
875,77548639,2,1,64,0.18943785,,,
4598,90377216,9,1,64,0.18991159,,,
84743,58383530,1,4,64,0.1892947,,,
830615,30522274,1,8,64,0.20253949,,,
874105,81557774,3,8,64,0.20252746,,amounts of drugs that are illegal,
944999,78256982,7,8,64,0.16806778,,,
1108977,29842064,1,9,64,0.16744967,,amounts of drugs that are illegal,
1429076,12641892,1,10,64,0.20683084,,,
1470708,34631115,2,10,64,0.17830145,,amounts of drugs that are illegal,
2050130,31966099,7,11,64,0.1738825,advertising a weed subreddit,,
2062948,78600558,7,11,64,0.1738858,31966099,,
2066039,52211893,7,11,64,0.1705976,31966099,,
2074403,92234116,7,11,64,0.1679293,31966099,,
2080100,67334307,7,11,64,0.16800332,31966099,,
2083660,84646627,8,11,64,0.1683892,31966099,,
2093955,49199641,8,11,64,0.16324164,31966099,,
2101907,37076703,8,11,64,0.22053483,,,
2102417,27208653,8,11,64,0.16853045,31966099,,
2113520,34511399,8,11,64,0.16749062,31966099,,
2113809,13991021,8,11,64,0.16545673,31966099,,
2125739,19570776,9,11,64,0.16804998,31966099,,
2133246,63358450,9,11,64,0.17282793,31966099,,
2157381,95999273,9,11,64,0.16559964,31966099,,
2166258,92783908,10,11,64,0.16710518,31966099,,
90870,81066928,2,4,65,0.69535506,,,
166191,69622701,11,4,65,0.7330908,,,
252980,16402334,6,5,65,0.6982899,,,
460666,18138584,6,6,65,0.6957193,,,
528705,50029598,10,6,65,0.6621209,,,
615317,36044864,2,7,65,0.7372607,,,
660170,55591588,4,7,65,0.71117294,,,
669857,53520325,5,7,65,0.7109093,,,
686732,88856726,6,7,65,0.6877556,,,
739523,51543852,9,7,65,0.6595301,,,
827266,99761867,1,8,65,0.6971994,,,
845507,86895703,2,8,65,0.68437016,,,
855534,59486745,2,8,65,0.66598696,,,
884531,90702106,4,8,65,0.6929298,,,
898059,41667485,4,8,65,0.67894554,,,
995745,88988889,9,8,65,0.671164,,,
1001799,60896509,9,8,65,0.6701997,,,
1177101,78990998,4,9,65,0.69770694,,,
1193664,40988092,5,9,65,0.73754853,,,
1382734,45921762,11,9,65,0.69850606,,,
1511022,15692426,3,10,65,0.6624799,,,
1878900,71705013,2,11,65,0.6949304,,,
1946272,11296368,4,11,65,0.79692316,,,
1946329,63267053,4,11,65,0.7211407,,,
1980210,52941644,5,11,65,0.6980942,,,
43013,80199172,4,3,66,0.77893746,,,
44126,83410060,4,3,66,0.7445839,,,
105205,95276227,4,4,66,0.7171418,,,
216592,32305861,3,5,66,0.73419046,,,
227926,82327067,4,5,66,0.75969595,,,
297546,21237505,8,5,66,0.7338792,,,
305521,41667218,9,5,66,0.7384984,,,
344386,97706567,11,5,66,0.7159871,,,
481141,65761289,7,6,66,0.77219826,,,
520008,10750235,10,6,66,0.70889753,,,
550696,87044533,11,6,66,0.759669,,,
601651,27881977,2,7,66,0.78641635,,,
737280,27144416,9,7,66,0.7156817,,,
793897,16592793,12,7,66,0.7109018,,,
885195,60861600,4,8,66,0.75140846,,,
936685,41716826,6,8,66,0.71830106,,,
1160319,51454621,3,9,66,0.77225775,,,
1247503,72668595,7,9,66,0.7848727,,,
1265565,23702686,8,9,66,0.7086186,,,
1276534,27005585,8,9,66,0.75892675,,,
1426848,94303408,1,10,66,0.70699745,,,
1430962,73338542,1,10,66,0.7376918,,,
1917643,84972861,3,11,66,0.7588327,,,
1992517,50351655,5,11,66,0.7246916,,,
2101578,41939004,8,11,66,0.71004266,,,
58722,17718315,8,3,67,0.38658807,,,
181443,39594604,1,5,67,0.32421666,,,
349971,40949570,11,5,67,0.29444775,,,
397041,92899622,2,6,67,0.27970675,,,
422364,47115360,4,6,67,0.27784327,,,
738153,35208522,9,7,67,0.2841234,,,
906348,21197249,5,8,67,0.34129614,,,
1086886,90417490,12,8,67,0.28924367,,,
1212891,69817648,5,9,67,0.29453346,,,
1231134,30479495,6,9,67,0.28471503,,,
1499303,79973026,3,10,67,0.27808532,,,
1512917,78410230,3,10,67,0.3015873,,,
1583931,42307771,5,10,67,0.33155403,,,
1629440,14933523,7,10,67,0.2858096,,,
1629441,12978971,7,10,67,0.28581533,,,
1635326,71445905,7,10,67,0.28579748,,,
1645460,83003071,7,10,67,0.35598296,,,
1776307,71243187,12,10,67,0.30601832,,,
1785716,35091374,12,10,67,0.28898096,,,
1851086,29440690,2,11,67,0.38444304,,,
1980243,97859146,5,11,67,0.28352177,,,
1986491,70398830,5,11,67,0.2779915,,,
2047051,32782787,7,11,67,0.29376447,,,
2093469,48235764,8,11,67,0.28348136,,,
2161664,30202915,10,11,67,0.27870247,,,
5009,85731026,10,1,68,0.53910273,,,
190522,21399238,1,5,68,0.5048581,weed (the regular kind),,
200714,69235307,2,5,68,0.5285759,the pot,,
275544,55807477,7,5,68,0.53545696,weed killer,,
367773,37624515,1,6,68,0.5083533,,,
377872,48937036,1,6,68,0.51550436,a large pot,,
526796,13492629,10,6,68,0.57998574,weed control,,
718136,71878672,8,7,68,0.5136364,lidded pot,,
719005,73119926,8,7,68,0.51069945,electric pot,,
743215,44009258,9,7,68,0.51802003,well draining pot,,
831087,98729285,1,8,68,0.58389586,water to a pot,,
937476,86789107,6,8,68,0.53045815,weed killer,,
1029320,95874571,10,8,68,0.5229796,,,
1173109,12938932,4,9,68,0.5238027,bottom of the pot,,
1207311,11754931,5,9,68,0.51797014,0,,
1270608,72196943,8,9,68,0.5359061,0,,
1595228,68668272,6,10,68,0.5268619,an agricultural weed,,
1683505,56906262,9,10,68,0.5261409,,,
1711536,51440486,10,10,68,0.518974,weed killer,,
1789113,70067379,12,10,68,0.5082455,"sativa, but for rice!",,
1981026,81872247,5,11,68,0.51637655,weed killer,,
2041641,52772933,6,11,68,0.54001117,68668272,,
2041643,60263231,6,11,68,0.5400104,68668272,,
2096851,40870544,8,11,68,0.5709636,weed (the regular kind),,
2109934,57595287,8,11,68,0.5343359,weed control,,
17463,78117296,4,2,69,0.55807644,,,
141065,49840364,9,4,69,0.41743448,,,
298453,46744741,9,5,69,0.4391449,,,
319586,55488750,10,5,69,0.43445632,,,
488384,91321844,8,6,69,0.43169814,,,
694370,48397171,6,7,69,0.46584418,,,
721045,72678012,8,7,69,0.43088523,,,
726152,19389831,8,7,69,0.4404801,,,
745400,59495291,9,7,69,0.4305287,,,
836575,62479233,2,8,69,0.41496986,,,
996040,45127017,9,8,69,0.42484954,,,
1029401,96302033,10,8,69,0.47227615,,,
1065108,38692182,11,8,69,0.43450287,,,
1395608,99329948,12,9,69,0.4234854,,,
1499660,88218564,3,10,69,0.4172555,,,
1542017,89645378,4,10,69,0.42508504,,,
1649024,40359369,7,10,69,0.41668972,,,
1736184,99750629,11,10,69,0.45171905,,,
1897272,76983549,3,11,69,0.4357481,,,
1927913,75172149,4,11,69,0.44361606,,,
1941193,83941180,4,11,69,0.42327395,,,
1998663,54443832,6,11,69,0.5389876,,,
2171100,25242887,10,11,69,0.45160887,,,
2213368,83627446,10,11,69,0.48067963,,,
2293986,38782585,12,11,69,0.46461836,,,
20125,40814345,6,2,70,0.7840043,"taps fingers → useless, but relevant",,
322621,99120221,10,5,70,0.42096272,1.5x the pot,,
527783,21630668,10,6,70,0.39415574,legitimate,cards,
546940,25402345,11,6,70,0.3837694,the pot,,
618128,76468287,2,7,70,0.4556854,0,,
730976,91702957,8,7,70,0.6127415,,,
904786,72374318,5,8,70,0.41985396,0,,
931508,97768296,6,8,70,0.43797627,considered dirty,,adjusted regex
1028229,90768100,10,8,70,0.41247576,0,,
1193557,52460756,5,9,70,0.38374865,"ruling, scoop the pot",,
1331004,19796047,10,9,70,0.39174232,,,
1331015,63079760,10,9,70,0.4012594,19796047,,
1340764,40827958,10,9,70,0.40135598,19796047,,
1344268,20517973,10,9,70,0.3878497,19796047,,
1382811,96473416,11,9,70,0.4012066,19796047,,
1479525,25211823,2,10,70,0.3813329,19796047,,
1481316,35020963,2,10,70,0.4012621,19796047,,
1484536,58791568,2,10,70,0.40124443,19796047,,
1512617,99581861,3,10,70,0.3843704,0,,
1714883,90120608,10,10,70,0.38809353,19796047,,
1849273,20356322,2,11,70,0.41123766,a court boy,,
1912471,59526900,3,11,70,0.40502173,0,,
2240757,53326695,11,11,70,0.38574916,big pot,,
2261454,12664994,11,11,70,0.38184917,0,,
2285575,32804156,12,11,70,0.3850181,0,,
56714,64952659,8,3,71,0.6204954,,,
117853,21276068,6,4,71,0.579337,,,
167318,35747204,11,4,71,0.65409845,,,
190509,78413950,1,5,71,0.5811557,,,
282491,48894148,8,5,71,0.7451283,#3232,,
293784,61553237,8,5,71,0.5874793,,,
603805,81346131,2,7,71,0.58232766,,,
932801,48205253,6,8,71,0.6900654,,,
1123563,79012500,2,9,71,0.58819205,,,
1157517,61959478,3,9,71,0.7005414,,,
1359821,61717220,11,9,71,0.58595973,,,
1411538,95960524,12,9,71,0.59120923,,,
1489035,71889750,2,10,71,0.62856275,,,
1534508,67428535,4,10,71,0.5955368,,,
1552612,15898438,4,10,71,0.5864027,,,
1579933,75674503,5,10,71,0.6138623,,,
1622690,74103214,7,10,71,0.60346717,,,
1814232,84992488,1,11,71,0.6854562,,,
1954082,24994510,4,11,71,0.61070627,,,
1980670,39262078,5,11,71,0.64049155,,,
2012524,95206673,6,11,71,0.62685806,,,
2078472,97572074,7,11,71,0.58016974,,,
2158451,29332182,9,11,71,0.5960817,,,
2271533,73419514,11,11,71,0.6375559,,,
2309409,77105966,12,11,71,0.59334475,,,
9527,74437014,1,2,72,0.31423396,,,
25101,44508655,9,2,72,0.36049518,,,
237963,84201374,5,5,72,0.34622303,,,
308864,49577398,9,5,72,0.31686208,,,
531227,16879787,10,6,72,0.29825997,,,
663507,67157782,5,7,72,0.3082622,,,
1074959,76353214,12,8,72,0.29906514,,,
1079905,73760638,12,8,72,0.29474053,torrent,,
1100292,32512695,1,9,72,0.3014225,DOWNLOAD MOVIE,,
1100319,85874850,1,9,72,0.295076,32512695,,
1100361,62467883,1,9,72,0.31115153,32512695,,
1100363,39181616,1,9,72,0.2969531,32512695,,
1100398,56289311,1,9,72,0.2999046,32512695,,
1100483,59540326,1,9,72,0.29996148,32512695,,
1100528,79677718,1,9,72,0.32008415,32512695,,
1100677,60051868,1,9,72,0.29771602,32512695,,
1101966,33837097,1,9,72,0.29466316,32512695,,
1102020,67519686,1,9,72,0.30301625,32512695,,
1102682,20337466,1,9,72,0.30101222,32512695,,
1102824,73682795,1,9,72,0.3290827,32512695,,
1103027,63665625,1,9,72,0.3016813,32512695,,
1154458,28618430,3,9,72,0.3294498,32512695,,
1395447,99503659,12,9,72,0.30488935,32512695,,
2039968,48413233,6,11,72,0.3267891,,"combined with same-sex marriage, interesting",
2270641,67212508,11,11,72,0.33157018,,"combined with same-sex marriage, interesting",
743065,14712816,9,7,73,0.7672047,user comment counts,,
798868,36701520,12,7,73,0.7421891,user comment counts,,
800987,11520357,12,7,73,0.76590586,user comment counts,,
810515,80281141,12,7,73,0.7528327,user comment counts,,
814810,52435787,1,8,73,0.7529888,user comment counts,,
814994,31380973,1,8,73,0.75542474,user comment counts,,
931800,48362434,6,8,73,0.7439151,user comment counts,,
931801,58675261,6,8,73,0.74390674,user comment counts,,
936729,99140185,6,8,73,0.8424915,user comment counts,,
936731,56493229,6,8,73,0.8424942,user comment counts,,
968204,83282192,8,8,73,0.82569295,user comment counts,,
975638,43487068,8,8,73,0.7402943,user comment counts,,
1000189,35253655,9,8,73,0.7496733,user comment counts,,
1000191,89187022,9,8,73,0.74967873,user comment counts,,
1012936,51677536,9,8,73,0.78451145,user comment counts,,
1012937,54350302,9,8,73,0.7845112,user comment counts,,
1017103,62758959,10,8,73,0.7984977,user comment counts,,
1017105,51211975,10,8,73,0.798425,user comment counts,,
1043224,67560395,10,8,73,0.7444759,user comment counts,,
1043226,16295564,10,8,73,0.7444761,user comment counts,,
1067856,25450907,11,8,73,0.78020346,user comment counts,,
1067858,71030689,11,8,73,0.7802005,user comment counts,,
1091750,87492965,12,8,73,0.82147235,user comment counts,,
1720250,87449966,10,10,73,0.82639045,,emojis,
1764001,49904484,11,10,73,0.7818205,,emojis,
220139,65877205,4,5,74,0.6629193,,,
251654,80993544,6,5,74,0.61590713,,,
280397,79210961,7,5,74,0.6510476,,,
332027,45479512,11,5,74,0.6618875,,,
334189,79029185,11,5,74,0.6149422,,,
506095,93362062,9,6,74,0.6916581,,,
566992,96263159,12,6,74,0.63615113,,,
585320,42502668,1,7,74,0.6049163,,,
679516,12059589,5,7,74,0.6045093,,,
689486,62245645,6,7,74,0.6565601,,,
838856,90815594,2,8,74,0.598608,,,
867742,79691508,3,8,74,0.6674879,,,
879160,22678044,3,8,74,0.60074294,,,
917562,29474075,5,8,74,0.635836,,,
981275,22200741,8,8,74,0.6122124,,,
1015255,68701911,9,8,74,0.59771836,,,
1155617,64977761,3,9,74,0.61653036,,,
1333006,86143520,10,9,74,0.59912276,,,
1371248,15729362,11,9,74,0.6675673,,,
1375353,38113368,11,9,74,0.6588321,,,
1438753,30081347,1,10,74,0.6226032,,,
1502908,88380309,3,10,74,0.6031111,,,
1541843,45530759,4,10,74,0.70045435,,,
1957381,79734382,4,11,74,0.6347508,,,
2290336,87669016,12,11,74,0.5991435,,,
,,,,,Number of posts:,1483,,
"Note: 0 and non-numeric notes mark irrelevant posts. If an index is written in column G instead, it marks a mostly identical post that should be ignored in training.",,,,,,,,
